São José dos Campos | Todos os Municípios
NOME_MUNICIPIO [-],CODIGO [-],GENTILICO [-],PREFEITO [2017],AREA - AREA [2017],POPESTIMADA - POPESTIMADA [2018],DENSIDADE - DENSIDADE [2010],ESCOLARIZACAO - PORCENTO [2010],IDHM [2010],MORTALIDADE - MORTALIDADE [2014],RECEITAS - REAL_MIL [2017],DESPESAS - REAL_MIL [2017],PIB - REAL [2016],
Adamantina,3500105,adamantinense,MÁRCIO CARDIM,411.987,35023,82.15,97.6,0.790,7.87,160719,137084,32838.70,
Adolfo,3500204,adolfino,IZAEL ANTONIO FERNANDES,211.055,3571,16.85,98.6,0.730,17.86,27334,20104,23911.98,
Aguaí,3500303,aguaiano,JOSÉ ALEXANDRE PEREIRA DE ARAÚJO,474.554,35954,67.72,95.8,0.715,15.27,84095,72169,21719.50,
Águas da Prata,3500402,pratense,CARLOS HENRIQUE FORTES DEZENA,142.961,8137,53.05,98.8,0.781,11.11,29390,24363,17688.07,
Águas de Lindóia,3500501,lindoiense,GILBERTO ABDOU HELOU,60.126,18599,287.16,96.2,0.745,9.01,86949,75201,24727.02,
Águas de Santa Bárbara,3500550,santa-barbarense,AROLDO JOSÉ CAETANO,404.463,6040,13.83,98.2,0.757,52.63,34484,28472,26362.59,
Águas de São Pedro,3500600,água-pedrense,PAULO SERGIO BARBOZA DE LIMA,3.612,3380,488.89,98.4,0.854,38.46,25158,22710,41378.02,
Agudos,3500709,agudense,ALTAIR FRANCISCO SILVA,966.708,37023,35.73,97.9,0.745,9.73,159981,143418,69828.53,
Alambari,3500758,alambariense,HUDSON JOSE GOMES,159.600,5918,30.66,99.3,0.712,17.24,23711,21839,15426.66,
Alfredo Marcondes,3500808,marcondense,EDMILSON JOSE CORREIA,118.915,4147,32.86,98.6,0.741,-,16479,15112,18074.69,
Altair,3500907,altairense,ANTONIO PADRON NETO,313.007,4134,12.16,96,0.687,21.74,22319,19411,48984.40,
Altinópolis,3501004,altinopolense,JOSÉ ROBERTO FERRACIN MARQUES,928.956,16164,16.80,99.3,0.730,11.05,72144,55436,28541.39,
Alto Alegre,3501103,alto-alegrense,HELENA BERTO TOMAZINI SORROCHE,318.574,4110,12.86,95.1,0.700,-,20846,18236,24529.77,
Alumínio,3501152,aluminense,ANTONIO PIASSENTINI,83.660,18484,201.28,98.8,0.766,16.95,75397,72573,99392.72,
Álvares Florence,3501202,alvares florencense,CALIMÉRIO LUIZ CORREA SALES,362.411,3712,10.74,99.3,0.728,26.32,20471,18241,24830.77,
Álvares Machado,3501301,machadense,JOSÉ CARLOS CABRERA PARRA,347.647,24830,67.69,98.3,0.758,12.01,62881,60297,19024.25,
Álvaro de Carvalho,3501400,carvalhense,CÍCERO MARTINS DOS SANTOS,153.662,5179,30.36,99.2,0.688,-,17943,16441,9771.95,
Alvinlândia,3501509,alvinlandense,ABIGAIL CATELI DIAS,84.879,3206,35.38,99.3,0.722,21.74,15306,12941,14823.57,
Americana,3501608,americanense,OMAR NAJAR,133.912,237112,1572.75,98,0.811,14.89,774033,709744,44417.02,
Américo Brasiliense,3501707,américo-brasiliense,DIRCEU BRAS PANO,122.785,39962,280.91,98.6,0.751,16.1,99791,100799,21643.91,
Américo de Campos,3501806,americampense,CARLOS ROBERTO ACHILLES,252.876,5956,22.54,98.2,0.745,-,23219,21407,16655.61,
Amparo,3501905,amparense,LUIZ OSCAR VITALE JACOB,445.323,71700,147.75,95.7,0.785,5.72,262300,240728,48680.71,
Analândia,3502002,analandense,JAIRO APARECIDO MASCIA,325.953,4933,13.18,99.7,0.754,20,31225,30968,29771.71,
Andradina,3502101,andradinense,TAMIKO INOUE,964.226,57112,57.39,98.2,0.779,9.62,166955,147353,54270.98,
Angatuba,3502200,angatubense,LUIZ ANTONIO MACHADO,1027.288,24969,21.61,98.3,0.719,24.02,82169,66306,34197.41,
Anhembi,3502309,anhembiense,MIGUEL VIEIRA MACHADO NETO,736.557,6627,7.67,97.2,0.721,-,31347,29908,20118.47,
Anhumas,3502408,anhumense,GENILDO RAMINELI,320.840,4085,11.66,98.3,0.741,26.32,19929,17615,16891.98,
Aparecida,3502507,aparecidense,ERNALDO CESAR MARCONDES,121.076,36129,289.13,98.4,0.755,9.63,111613,98271,30760.41,
Aparecida d'Oeste,3502606,aparecidense,MAERCIO DIAS DE MENEZES,179.004,4234,24.86,97.7,0.721,-,19561,17744,22567.32,
Apiaí,3502705,apiaiense,LUCIANO POLACZEK NETO,974.322,24526,25.85,97.3,0.710,5.18,71090,65067,24498.90,
Araçariguama,3502754,araçariguamense,LILIANA MEDEIROS DE ALMEIDA AYMAR BECHAR,145.204,21854,117.63,98.2,0.704,18.52,109901,98904,103080.36,
Araçatuba,3502804,araçatubense,DILADOR BORGES DAMASCENO,1167.126,195874,155.54,97.6,0.788,7.61,524096,489800,35797.47,
Araçoiaba da Serra,3502903,araçoiabano,DIRLEI SALAS ORTEGA,255.327,33499,106.88,99.4,0.776,22.16,137564,82578,20402.88,
Aramina,3503000,araminense,DALVA APARECIDA PIERAZO RODRIGUES,202.829,5585,25.39,98.7,0.740,12.99,23826,21844,22763.73,
Arandu,3503109,aranduense,LUIZ CARLOS DA COSTA,285.908,6348,21.42,98.4,0.685,41.1,30445,30414,20640.43,
Arapeí,3503158,arapeiense,EDSON ANDRE DE SOUZA,156.903,2478,15.89,98.7,0.680,0,15297,12648,10289.63,
Araraquara,3503208,araraquarense,EDSON ANTONIO EDINHO DA SILVA,1003.625,233744,207.90,98.7,0.815,10.25,813195,797613,39065.74,
Araras,3503307,ararense,RUBENS FRANCO JUNIOR,644.831,132934,184.30,97.5,0.781,8.6,543416,472763,38412.06,
Arco-Íris,3503356,arcoirense,ANA MARIA ZONER LEAL SERAFIM,264.904,1811,7.27,99.1,0.722,0,14876,12392,27756.09,
Arealva,3503406,arealvense,ELSON BANUTH BARRETO,504.973,8505,15.53,99.6,0.744,-,28043,23705,20317.67,
Areias,3503505,areiense,PAULO HENRIQUE DE SOUZA COUTINHO,305.227,3876,12.11,96.8,0.697,-,17340,15919,9757.85,
Areiópolis,3503604,areiopolitano,ANTONIO MARCOS DOS SANTOS,85.907,11099,123.35,97.3,0.695,6.45,31683,27660,11717.73,
Ariranha,3503703,ariranhense,JOAMIR ROBERTO BARBOZA,132.624,9573,64.19,99.6,0.733,10.31,46471,39792,69837.66,
Artur Nogueira,3503802,nogueirense,IVAN CLEBER VICENSOTTI,178.026,53450,248.15,98.3,0.749,6.97,151691,141937,19388.74,
Arujá,3503901,arujaense,JOSE LUIZ MONTEIRO,96.167,88455,779.33,98.2,0.784,12.6,285278,247387,55521.78,
Aspásia,3503950,aspasiense,JOSUÉ EDUARDO DE ASSUNÇÃO,69.373,1825,26.09,97.1,0.735,0,15747,13473,16808.44,
Assis,3504008,assisense,JOSÉ APARECIDO FERNANDES,460.609,103666,206.70,98.9,0.805,10.5,354752,288567,27921.64,
Atibaia,3504107,atibaiano,SAULO PEDROSO DE SOUZA,478.521,141398,264.57,97.3,0.765,14.71,489343,465279,42412.58,
Auriflama,3504206,auriflamense,OTAVIO HENRIQUE ORTUNHO WEDEKIN,434.498,15123,32.72,98.8,0.773,10.81,43953,39071,19441.24,
Avaí,3504305,avaiense,ANDRÉ LUIS DA SILVEIRA ANTONIO,540.689,5369,9.18,99.4,0.714,14.08,20942,18278,53431.32,
Avanhandava,3504404,avanhandavense,CIRO AUGUSTO MOURA VENERONI,338.370,13433,33.40,97.2,0.705,29.63,47969,41722,26101.70,
Avaré,3504503,avareense,JOSELYR BENEDITO COSTA SILVESTRE,1213.055,90063,68.37,97.9,0.767,16.76,312719,278557,28025.47,
Bady Bassitt,3504602,badiense,LUIZ ANTONIO TOBARDINI,110.372,17236,132.32,98.5,0.746,-,63870,55031,19311.66,
Balbinos,3504701,balbinense,BENEDITO JACKSON BALANCIERI,91.635,5532,40.40,98.9,0.669,-,15169,14052,8535.38,
Bálsamo,3504800,balsamense,CARLOS EDUARDO CARMONA LOURENÇO,149.881,8994,54.18,99,0.756,-,24570,22761,20025.40,
Bananal,3504909,bananalense,JORGE DA SILVA RODRIGUES FILHO,616.427,10896,16.58,97.1,0.733,-,34981.6939,31691.34202,20068.92,
Barão de Antonina,3505005,barãoense,MARIA ROSA BUENO DE MEIRA,153.142,3441,20.35,100,0.711,19.23,16392,14127,20287.75,
Barbosa,3505104,barbosano,PAULO CÉSAR BALIEIRO,205.212,7335,32.14,98.4,0.699,11.36,23186,20061,13925.31,
Bariri,3505203,baririense,FRANCISCO LEONI NETO,444.405,34961,71.14,96.3,0.750,17.63,103012,92916,41510.78,
Barra Bonita,3505302,barra-bonitense,JOSÉ LUIS RICI,150.121,36127,235.12,99.8,0.788,9.2,115636,103440,38128.22,
Barra do Chapéu,3505351,barrense,JANETE SARTI DO AMARAL,405.681,5688,12.93,96.9,0.660,28.57,15359,16455,14551.58,
Barra do Turvo,3505401,barra-turvense,JEFFERSON LUIZ MARTINS,1007.670,7687,7.67,95.6,0.641,32.26,35550,32005,10286.62,
Barretos,3505500,barretense,GUILHERME HENRIQUE DE ÁVILA,1566.161,121344,71.60,97.8,0.789,9.68,526128,543579,36842.26,
Barrinha,3505609,barrinhense,MITUO TAKAHASI,146.025,32434,195.66,97.5,0.725,10.5,81349,72595,15185.41,
Barueri,3505708,barueriense,RUBENS FURLAN,65.701,271306,3665.21,97.8,0.786,9.55,2741827,2450131,177735.30,
Bastos,3505807,bastense,MANOEL IRONIDES ROSA,170.912,20954,118.95,98.5,0.751,7.52,59380,50420,39033.19,
Batatais,3505906,batataense,JOSE LUIS ROMAGNOLI,849.526,62024,66.48,97.7,0.761,15.78,174114,157203,27229.67,
Bauru,3506003,bauruense,CLODOALDO ARMANDO GAZZETTA,667.684,374272,515.12,96.9,0.801,12.12,1302952,1172323,35577.22,
Bebedouro,3506102,bebedourense,FERNANDO GALVÃO MOURA,683.192,77436,109.81,98.5,0.780,12.94,218201,262944,41444.67,
Bento de Abreu,3506201,bento-abreuense,GENIVAL PRATES ALVES,301.687,2955,8.87,97.9,0.744,0,18357,16171,44106.36,
Bernardino de Campos,3506300,bernardinense,ODILON RODRIGUES MARTINS,244.158,11137,44.12,98.3,0.734,16.26,32647,29495,18250.23,
Bertioga,3506359,bertioguense,CAIO ARIAS MATHEUS,491.546,61736,97.21,98.1,0.730,8.32,429374,349538,25674.73,
Bilac,3506409,bilaquense,VITOR OSMAR BOTINI,158.025,7949,44.63,99,0.768,20.83,29925,25293,24144.27,
Birigui,3506508,biriguiense,CRISTIANO SALMEIRÃO,530.031,122359,204.79,98,0.780,11.77,363952,350718,27389.84,
Biritiba-Mirim,3506607,biritibano,JARBAS EZEQUIEL DE AGUIAR,317.406,32251,90.03,97.7,0.712,9.93,68007,64012,23459.93,
Boa Esperança do Sul,3506706,boa-esperancense,FABIO LUIS DE SOUZA,690.748,14824,19.75,96,0.681,4.65,51605,40191,21317.01,
Bocaina,3506805,bocainense,MARCO ANTONIO GIRO,363.926,12204,29.84,99.3,0.742,6.02,37932,37443,87643.77,
Bofete,3506904,bofetense,DIRCEO ANTONIO LEME DE MELO,653.541,11534,14.72,95.1,0.705,26.32,38599,32955,14349.10,
Boituva,3507001,boituvense,FERNANDO LOPES DA SILVA,248.954,59793,194.07,98.7,0.780,13.9,198057,190516,45941.81,
Bom Jesus dos Perdões,3507100,perdoense,SERGIO FERREIRA,108.366,24898,181.87,97.7,0.713,9.9,82258,67841,23407.62,
Bom Sucesso de Itararé,3507159,bom sucessiense,LUIZ HUMBERTO CAMPOS,133.578,3923,26.73,98.3,0.660,25.64,16855,14893,12797.53,
Borá,3507209,boraense,WILSON FERREIRA COSTA,118.951,836,6.80,94.6,0.746,0,12702,9773,100029.91,
Boracéia,3507308,boraceense,MARCOS VINICIO BILANCIERI,122.110,4776,34.95,99.3,0.754,-,24639,22245,42757.16,
Borborema,3507407,borboremense,VLADIMIR ANTONIO ADABO,552.256,15925,26.31,98.3,0.730,11.9,47433,41631,24720.06,
Borebi,3507456,borebiense,ANTONIO CARLOS VACA,347.989,2621,6.59,99.5,0.705,-,18631,15686,23844.62,
Botucatu,3507506,botucatuense,MARIO EDUARDO PARDINI AFFONSECA,1482.642,144820,85.88,97.8,0.800,4.79,401444,348098,34339.02,
Bragança Paulista,3507605,bragantino,JESUS ADIB ABI CHEDID,512.584,166753,286.26,97,0.776,12.2,474355,419569,31346.47,
Braúna,3507704,braunense,FLAVIO ADALBERTO RAMOS GIUSSANI,195.176,5630,25.70,98.6,0.737,-,20303,17050,15873.08,
Brejo Alegre,3507753,brejoalegrense,ADRIANO MARCELO BONILHA,105.689,2841,24.41,95.9,0.710,-,20228,17946,274572.12,
Brodowski,3507803,brodosquiano,JOSE LUIZ PEREZ,278.458,24592,75.80,97.5,0.755,3.25,78112,68887,22582.08,
Brotas,3507902,brotense,MODESTO SALVIATTO FILHO,1101.374,24163,19.59,99.1,0.740,17.67,94407,80495,28357.32,
Buri,3508009,buriense,OMAR YAHYA CHAIN,1195.910,19789,15.52,98.5,0.667,20.07,74242,61416,19528.74,
Buritama,3508108,buritamense,RODRIGO ZACARIAS DOS SANTOS,326.921,17003,47.19,96.7,0.763,4.61,78466,60923,30970.21,
Buritizal,3508207,buritinense,AGLIBERTO GONÇALVES,266.420,4447,15.21,99.4,0.735,-,26483,22452,75887.45,
Cabrália Paulista,3508306,cabraliense,JOSÉ MADRIGAL RUDA FILHO,239.974,4286,18.19,97.5,0.694,32.26,19158,15973,18464.94,
Cabreúva,3508405,cabreuvano,HENRIQUE MARTIN,260.234,48966,159.87,97.3,0.738,15.05,206809,192731,87725.88,
Caçapava,3508504,caçapavense,FERNANDO CID DINIZ BORGES,368.990,93488,229.66,98,0.788,9.98,245450,222306,38964.63,
Cachoeira Paulista,3508603,cachoeirense,EDSON MENDES MOTA,287.990,33067,104.49,98,0.764,5.6,88017,78330,17202.31,
Caconde,3508702,cacondense,JOSÉ BENTO FELIZARDO FILHO,468.215,18961,39.44,97.7,0.720,5.52,52755,48676,16250.05,
Cafelândia,3508801,cafelandense,LOURDES MONTERA,920.280,17689,18.05,96.7,0.742,4.83,62055,58718,25039.00,
Caiabu,3508900,caiabuense,DARIO MARQUES PINHEIRO,253.352,4190,16.11,98.9,0.729,20.83,17842,15598,13658.49,
Caieiras,3509007,caieirense,GERSON MOREIRA ROMERO,97.642,100129,900.37,94.8,0.781,12.88,290687,237565,27897.02,
Caiuá,3509106,caiuense,RUTE ALMEIDA DOS SANTOS LIMA,551.159,5800,9.16,99.3,0.697,46.51,30250,26171,13996.95,
Cajamar,3509205,cajamarense,ANA PAULA POLOTTO RIBAS DE ANDRADE,131.386,75638,488.18,96.5,0.728,12.42,447554,386498,178670.47,
Cajati,3509254,cajatiense,LUCIVAL JOSÉ CORDEIRO,454.436,28605,62.43,98.4,0.694,13.86,101870,84204,36388.89,
Cajobi,3509304,cajobiense,GUSTAVO SEBASTIÃO DA COSTA,176.929,10486,55.22,99.7,0.734,8.77,32487,30217,14085.49,
Cajuru,3509403,cajuruense,JOÃO BATISTA RUGGERI RÉ,660.088,25935,35.41,97.1,0.713,8.09,64004.18416,56076.05873,21481.97,
Campina do Monte Alegre,3509452,campinomontealegrense,GIL VICENTE DE OLIVEIRA JUNIOR,185.031,5991,30.09,97.5,0.717,-,22714,19476,18521.39,
Campinas,3509502,campineiro,JONAS DONIZETTE FERREIRA,794.571,1194094,1359.60,96,0.805,8.13,4614991,4719976,49876.62,
Campo Limpo Paulista,3509601,campo-limpense,ROBERTO ANTONIO JAPIM DE ANDRADE,79.403,83735,932.92,96.7,0.769,16.5,189590,163427,20515.77,
Campos do Jordão,3509700,jordanense,FREDERICO GUIDONI SCARANELLO,290.520,51763,164.76,97.1,0.749,16.53,196830,180379,23400.87,
Campos Novos Paulista,3509809,campos-novense,JÚLIO CÉSAR DO CARMO,484.199,4932,9.38,97.9,0.706,-,21740,19665,28307.64,
Cananéia,3509908,cananeiense,GABRIEL DOS SANTOS OLIVEIRA ROSA,1237.357,12539,9.86,97.3,0.720,16.39,53312,47260,16149.97,
Canas,3509957,canense,LUCEMIR DO AMARAL,53.261,5071,82.33,98.3,0.704,11.49,22047,20465,30668.16,
Cândido Mota,3510005,cândido-motense,CARLOS ROBERTO BUENO,595.811,31212,50.12,98.2,0.747,10.1,119067,91801,29350.05,
Cândido Rodrigues,3510104,cândido-rodriguense,ANTONIO CLAUDIO FALCHI,70.892,2787,37.94,99,0.789,-,18558,14177,31697.40,
Canitar,3510153,canitarense,ANIBAL FELICIANO,57.459,5139,76.34,96.1,0.680,-,19724,17007,20412.48,
Capão Bonito,3510203,capão-bonitense,MARCO ANTONIO CITADINI,1640.230,47159,28.15,98.7,0.721,15.45,135940,122483,17535.99,
Capela do Alto,3510302,capelense,PERICLES GONÇALVES,169.890,20419,103.20,96.5,0.699,3.8,59752,51832,14528.11,
Capivari,3510401,capivariano,RODRIGO ABDALA PROENÇA,322.878,55141,150.45,97.3,0.750,5.63,211477,192162,29907.83,
Caraguatatuba,3510500,caraguatatubense,JOSE PEREIRA DE AGUILAR JUNIOR,484.947,119625,207.88,97.7,0.759,11.15,671649,595361,23100.59,
Carapicuíba,3510609,carapicuibano,MARCO AURELIO DOS SANTOS NEVES,34.546,398611,10698.32,96.2,0.749,11.28,547013.55501,517653.25798,13218.19,
Cardoso,3510708,cardosense,JAIR CESAR NATTES,639.248,12303,18.45,96.8,0.722,-,46308,40320,16995.79,
Casa Branca,3510807,casa-branquense,MARCO CESAR DE PAIVA AGA,864.225,30237,32.76,96.9,0.730,16.89,97519,92693,28207.64,
Cássia dos Coqueiros,3510906,cassiano,DILMA CUNHA DA SILVA,191.683,2542,13.74,99.5,0.734,-,15899,13000,54076.60,
Castilho,3511003,castilhense,APARECIDA DE FATIMA GAVIOLI NASCIMENTO,1065.318,20738,16.89,99.1,0.731,18.8,87054,77170,29524.83,
Catanduva,3511102,catanduvense,AFONSO MACCHIONE NETO,290.596,121210,388.24,98.1,0.785,13.88,461372,403701,32110.65,
Catiguá,3511201,catigüense,VERA LUCIA DE AZEVEDO VALLEJO,148.393,7752,48.03,98.4,0.751,42.11,21266,19438,13450.24,
Cedral,3511300,cedralense,PAULO RICARDO BEOLCHI DE LUCAS,197.838,9125,40.33,98.7,0.766,12.2,37764,30961,30766.24,
Cerqueira César,3511409,cerqueirense,MARCOS ANTONIO ZALOTI,511.621,19774,34.27,98.2,0.729,17.17,75975,64273,35531.70,
Cerquilho,3511508,cerquilhense,ALDOMIR JOSÉ SANSON,127.803,48074,309.98,99.6,0.782,10.85,165450,138710,37056.84,
Cesário Lange,3511607,cesariano-lange,RONALDO PAIS DE CAMARGO,190.392,17915,81.46,96.3,0.706,8,56793,53414,20966.88,
Charqueada,3511706,charqueadense,ROMEU ANTONIO VERDI,175.846,17009,85.79,97.9,0.736,9.62,44566,38589,16381.07,
Clementina,3511904,clementinense,CÉLIA CONCEIÇÃO FREITAS GALHARDO,168.590,8472,41.85,98,0.725,18.69,28839,25237,26394.01,
Colina,3512001,colinense,DIAB TAHA,422.303,18398,41.11,98.4,0.757,16.33,80672,69472,62059.90,
Colômbia,3512100,colombiense,ENDRIGO LUCAS GAMBARATO BERTIN,728.648,6203,8.22,99.2,0.710,-,43935,38619,54670.46,
Conchal,3512209,conchalense,LUIZ VANDERLEI MAGNUSSON,182.793,27820,138.02,96.7,0.708,14.85,100961,86413,23443.53,
Conchas,3512308,conchense,ODIRLEI REIS,466.120,17770,34.95,97.6,0.736,18.26,54724,50646,18466.68,
Cordeirópolis,3512407,cordeiropolense,JOSE ADINAN ORTOLAN,137.579,24221,153.22,96.7,0.758,3.34,142099,121672,96056.59,
Coroados,3512506,coroadense,TEREZINHA APARECIDA CASTILHO VARONI,246.825,5986,21.26,98.3,0.719,45.45,20830,18407,22589.03,
Coronel Macedo,3512605,macedense,JOSE ROBERTO SANTINONI VEIGA,303.830,4728,16.45,99.1,0.690,-,22729,18982,15905.86,
Corumbataí,3512704,corumbataiense,LEANDRO MARTINEZ,278.622,4047,13.90,97,0.754,18.87,25285,23448,41125.16,
Cosmópolis,3512803,cosmopolense,JOSE PIVATTO,154.665,70998,380.37,98,0.769,12.02,171948,148442,19396.97,
Cosmorama,3512902,cosmoramense,LUIS FERNANDO GONÇALVES,441.680,7316,16.33,97.9,0.722,-,30778,25647,30850.27,
Cotia,3513009,cotiano,ROGERIO CARDOSO FRANCO,323.994,244694,620.81,97.5,0.780,7.51,795243,720867,47033.14,
Cravinhos,3513108,cravinhense,JOSÉ CARLOS CARRASCOSA DOS SANTOS,311.423,34998,101.77,98.1,0.756,12.22,131081,111135,30163.95,
Cristais Paulista,3513207,cristalense,KATIUSCIA DE PAULA LEONARDO MENDES,385.230,8541,19.70,98.2,0.734,9.9,29472,25482,21246.82,
Cruzália,3513306,cruzaliense,JOSÉ ROBERTO CIRINO,149.330,2100,15.26,97.8,0.774,-,16229,14632,31800.10,
Cruzeiro,3513405,cruzeirense,THALES GABRIEL FONSECA,305.699,81895,252.01,97.6,0.788,15.86,165656,147348,24424.50,
Cubatão,3513504,cubatense,ADEMARIO DA SILVA OLIVEIRA,142.879,129760,830.91,98,0.737,14.76,1181573,985154,138153.22,
Cunha,3513603,cunhense,ROLIEN GUARDA GARCIA,1407.250,21639,15.54,98,0.684,13.22,55363,51330,9706.96,
Descalvado,3513702,descalvadense,ANTONIO CARLOS RESCHINI,753.706,33520,41.20,98.6,0.760,8.15,112356,92576,41764.12,
Diadema,3513801,diademense,LAURO MICHELS SOBRINHO,30.732,420934,12536.99,96.8,0.757,11.42,1243623,1212704,31865.08,
Dirce Reis,3513850,dircense,EUCLIDES SCRIBONI BENINI,88.133,1786,19.12,100,0.741,-,15517,12940,29611.09,
Divinolândia,3513900,divinolandense,NAIEF HADDAD NETO,223.749,11208,50.46,98.6,0.734,-,41501,31181,23550.52,
Dobrada,3514007,dobradense,JOSÉ CARLOS SIMÃO,149.729,8846,53.02,99.5,0.718,-,22281,18910,11337.93,
Dois Córregos,3514106,dois-correguense,RUY DIOMEDES FAVARO,632.972,27112,39.12,96.7,0.725,5.43,79489,69737,25595.29,
Dolcinópolis,3514205,dolcinopolense,AMÉRICO RIBEIRO DO NASCIMENTO,77.939,2119,26.76,100,0.742,0,13252,9815,20261.42,
Dourado,3514304,douradense,LUIZ ANTONIO ROGANTE JUNIOR,205.874,8868,41.82,100,0.738,26.67,32243,27454,78615.59,
Dracena,3514403,dracenense,JULIANO BRITO BERTOLINI,487.688,46536,88.64,98.2,0.776,18.33,119376,109361,24326.29,
Duartina,3514502,duartinense,ADERALDO PEREIRA DE SOUZA JUNIOR,264.557,12457,46.31,98.3,0.748,28.99,42599,34796,17142.20,
Dumont,3514601,dumonense,ALAN FRANCISCO FERRACINI,111.376,9708,73.13,97.6,0.744,10,29559,25847,25206.39,
Echaporã,3514700,echaporense,LUIS GUSTAVO EVANGELISTA,515.258,6141,12.26,98.8,0.745,14.93,25859,21629,20518.61,
Eldorado,3514809,eldoradense,DURVAL ADELIO DE MORAIS,1654.256,15443,8.85,97.3,0.691,23.7,45712,39755,14561.67,
Elias Fausto,3514908,elias-faustense,MAURICIO BARONI BERNARDINETTI,202.360,17604,77.83,97.3,0.695,9.62,56796,52156,34474.83,
Elisiário,3514924,elisiarense,RUBENS FRANCISCO,93.980,3604,33.20,98.6,0.747,22.73,17787,15070,17926.03,
Embaúba,3514957,embaubense,ROGERIO CLEBER PERES,83.129,2456,29.15,100,0.730,-,17246,14038,19309.05,
Embu das Artes,3515004,embuense,CLAUDINEI ALVES DOS SANTOS,70.398,270843,3412.89,96.8,0.735,13.11,619273,559807,37832.19,
Embu-Guaçu,3515103,embu-guaçuense,MARIA LUCIA DA SILVA MARQUES,155.641,68856,403.32,97.1,0.749,14.02,146777,127156,15691.80,
Emilianópolis,3515129,emilianópolense,JOÃO BATISTA AMARAL,225.167,3202,13.45,97.3,0.727,0,16099,13959,18741.24,
Engenheiro Coelho,3515152,engenheiro coelhense,PEDRO FRANCO DE OLIVEIRA,109.941,20284,142.99,98.5,0.732,8.03,54941,50225,23074.63,
Espírito Santo do Pinhal,3515186,pinhalense,SERGIO DEL BIANCHI JUNIOR,389.235,44186,107.61,97.9,0.787,12.32,109536,98304,30140.43,
Espírito Santo do Turvo,3515194,espírito santense,AFONSO NASCIMENTO NETO,193.666,4779,21.92,97.4,0.696,-,20621,17943,15358.13,
Estrela d'Oeste,3515202,estrelense,ANTONIO VALTER DOS SANTOS,296.281,8418,27.69,99,0.760,-,35527,32892,68319.50,
Estrela do Norte,3515301,estrelense,CICERO CIRINO DA SILVA,264.987,2762,10.09,98.9,0.740,-,16898,14342,30148.17,
Euclides da Cunha Paulista,3515350,euclidense,CHRISTIAN FUZIKI IKEDA,573.894,9419,16.66,98.5,0.704,9.8,29092,26472,11689.99,
Fartura,3515400,farturense,HAMILTON CESAR BORTOTTI,429.171,16001,35.70,97.4,0.732,14.29,49079,43960,22290.20,
Fernandópolis,3515509,fernandopolense,ANDRÉ GIOVANNI PESSUTO CANDIDO,549.797,68823,117.62,99.4,0.797,13.75,199251,174683,28882.59,
Fernando Prestes,3515608,fernando-prestense,BENTO LUCHETTI JUNIOR,169.990,5771,32.43,96.5,0.758,-,22629,19679,28412.16,
Fernão,3515657,fernãoense,ADELCIO APARECIDO MARTINS,100.504,1704,15.51,99.1,0.703,55.56,16383,11484,28885.48,
Ferraz de Vasconcelos,3515707,ferrazense,JOSÉ CARLOS FERNANDES CHACON,29.564,191993,5692.55,97.6,0.738,15.15,323759,267262,15304.53,
Flora Rica,3515806,flora-riquense,JOSE DE CASTRO AGUIAR FILHO,224.711,1499,7.78,99.1,0.727,45.45,14077,12147,22168.40,
Floreal,3515905,florealense,JOÃO MANOEL DE CASTILHO,204.236,2934,14.70,96.2,0.747,-,21077,17440,18394.68,
Flórida Paulista,3516002,floridense,WILSON FROIO JUNIOR,524.138,14486,24.47,98.9,0.715,-,36646,31879,13293.30,
Florínea,3516101,florinense ou florineano,PAULO EDUARDO PINTO,225.886,2699,12.54,96.6,0.713,25,19383,16583,43838.84,
Franca,3516200,francano,GILSON DE SOUZA,605.679,350400,526.09,98.2,0.780,9.73,720800,693765,28108.23,
Francisco Morato,3516309,moratense,RENATA TORRES DE SENE,49.001,174008,3147.80,95.8,0.703,10.76,322464,283062,8074.58,
Franco da Rocha,3516408,franco-rochense,FRANCISCO DANIEL CELEGUIM DE MORAIS,132.775,152433,980.95,95.7,0.731,10.25,323544,283286,16661.58,
Gabriel Monteiro,3516507,monteirense,VANDERLEI ANTONINHO MENDONÇA,138.681,2776,19.55,99.7,0.763,-,15780,13892,21292.45,
Gália,3516606,galiense,RENATO INACIO GONÇALVES,355.914,6615,19.69,97,0.709,13.89,24207,20713,17968.98,
Garça,3516705,garcense,JOAO CARLOS DOS SANTOS,555.807,44370,77.60,98.1,0.769,14.68,154648,136607,24487.27,
Gastão Vidigal,3516804,vidigalense,ROBERTO CARLOS DA SILVA BRESEGHELLO,180.569,4754,23.17,96.6,0.723,-,19005,15222,12848.93,
Gavião Peixoto,3516853,gavionense,GUSTAVO MARTINS PICCOLO,243.766,4762,18.13,98.7,0.719,-,45966,37049,182468.00,
General Salgado,3516903,salgadense,LEANDRO ROGERIO DE OLIVEIRA,494.376,10876,21.63,98.5,0.747,-,42541,44199,48234.52,
Getulina,3517000,getulinense,ANTONIO CARLOS MAIA FERREIRA,676.755,11370,15.86,99.4,0.717,34.19,31784,27481,15019.60,
Glicério,3517109,glicerense,ILDO DE SOUZA,272.800,4801,16.69,98.5,0.735,15.38,21451,18523,21302.04,
Guaiçara,3517208,guaiçarense,OSVALDO AFONSO COSTA,277.154,12039,39.35,98.4,0.739,19.35,34949,29778,15901.94,
Guaimbê,3517307,guaimbeense,ALBERTINO DOMINGUES BRANDÃO,217.811,5743,24.88,99,0.728,-,23824,19316,12751.97,
Guaíra,3517406,guairense,JOSÉ EDUARDO COSCRATO LELIS,1258.465,40533,29.72,97.8,0.753,2.09,184411,156566,95399.47,
Guapiaçu,3517505,guapiaçuense,CARLOS CESAR ZAITUNE,325.126,21125,55.00,98,0.725,17.24,77411,61873,24986.51,
Guapiara,3517604,guapiense,JUSMARA RODOLFO PASSARO,408.292,17293,44.08,96.7,0.675,20.49,50173,44568,29812.01,
Guará,3517703,guaraense,MARCO AURÉLIO MIGLIORI,362.183,21129,54.78,98,0.718,15.94,64882,54905,19333.63,
Guaraçaí,3517802,guaraçaiense,NELSON KAZUMI TANAKA,569.197,8357,14.80,98,0.719,-,30111,25903,30594.94,
Guaraci,3517901,guaraciense,ELSON MACHADO SILVEIRA,641.501,11088,15.55,97,0.737,17.54,52473,47172,29937.88,
Guarani d'Oeste,3518008,guaraniense,NILSON TIMPORIM CAFFER,85.700,2002,23.03,95.6,0.732,-,15147,11611,15180.46,
Guarantã,3518107,guarantãense,CLAUDIO JOSE DA TRINDADE,461.746,6654,13.89,98.9,0.713,44.12,23153,18917,22115.08,
Guararapes,3518206,guararapense,TAREK DARGHAM,955.637,32774,31.99,99.6,0.763,21,93651,86916,38069.46,
Guararema,3518305,guararemense,ADRIANO DE TOLEDO LEITE,270.816,29451,95.43,97.3,0.731,2.35,165358,161320,49785.35,
Guaratinguetá,3518404,guaratinguetaense,MARCUS AUGUSTIN SOLIVA,752.636,121073,148.91,97.8,0.798,9.8,314633,304896,35347.70,
Guareí,3518503,guareiense,JOSÉ AMADEU DE BARROS,567.884,18143,25.72,96.3,0.687,6.1,43591,36441,13307.71,
Guariba,3518602,guaribense,FRANCISCO DIAS MANÇANO JUNIOR,270.289,39714,131.29,97.3,0.719,11.32,112250,94829,30226.80,
Guarujá,3518701,guarujaense,VALTER SUMAN,144.794,318107,2026.80,95.9,0.751,18.19,1349180,1153554,25224.38,
Guarulhos,3518800,guarulhense,GUSTAVO HENRIC COSTA,318.675,1365899,3834.51,97.1,0.763,13.45,4189491,3985439,40367.54,
Guatapará,3518859,guataparaense,JURACI COSTA DA SILVA,413.567,7602,16.84,99.1,0.743,17.54,32271,26671,27492.67,
Guzolândia,3518909,guzolandense,LUIZ ANTONIO PEREIRA DE CARVALHO,252.477,5226,18.86,85.3,0.697,16.95,20936,17602,12581.98,
Herculândia,3519006,herculandense,RICHARDSON BRANCO NUNES,364.252,9462,23.85,98.4,0.727,9.8,26291,22891,28896.01,
Holambra,3519055,holambrense,FERNANDO FIORI DE GODOY,65.577,14579,172.30,98.8,0.793,10.36,77486,67934,66380.04,
Hortolândia,3519071,hortolandense,ANGELO AUGUSTO PERUGINI,62.416,227353,3094.16,97.5,0.756,9.26,780150,674186,52570.87,
Iacanga,3519105,iacanguense,ISMAEL EDSON BOIANI,547.393,11559,18.29,96.7,0.745,6.45,48462,41284,56215.83,
Iacri,3519204,iacriano,CARLOS ALBERTO FREIRE,321.948,6348,19.90,99.4,0.733,30.3,20293,17172,23150.97,
Iaras,3519253,iarense,FRANCISCO PINTO DE SOUZA,401.381,8956,15.89,98.5,0.674,12.82,26898,23493,16389.78,
Ibaté,3519303,ibateense,JOSE LUIZ PARELLA,290.978,34726,105.74,97.6,0.703,3.8,90980,82515,22849.38,
Ibirá,3519402,ibiraense,EDVARD ALBERTO COLOMBO,271.912,12264,40.07,98.4,0.740,5.75,40859,37142,18450.48,
Ibirarema,3519501,ibiraremense,THIAGO ANTÔNIO BRIGANÓ,228.230,7663,29.45,97.4,0.708,13.89,27437,23892,47003.22,
Ibitinga,3519600,ibitinguense,CRISTINA MARIA KALIL ARANTES,689.391,59451,77.12,95.8,0.747,12.18,145376,134352,23270.16,
Ibiúna,3519709,ibiunense,JOÃO BENEDICTO DE MELLO NETO,1058.082,78262,67.31,95.8,0.710,16.57,199573,184089,20750.45,
Icém,3519808,icense,MARIA DE LOURDES GOMES DA SILVA DE MORAI,362.355,8181,20.58,98.5,0.720,-,35975,33596,50308.27,
Iepê,3519907,iepense,ANTONIO MENOCCI,594.974,8124,12.81,97.9,0.736,10.87,34905,30166,30175.51,
Igaraçu do Tietê,3520004,iguaraçuense,CARLOS ALBERTO VARASQUIM,97.747,24598,239.07,98.8,0.727,20.62,65625,59176,11474.74,
Igarapava,3520103,igarapavense,JOSE RICARDO RODRIGUES MATTAR,468.246,30246,59.70,97.8,0.768,6.27,90034,82825,36465.62,
Igaratá,3520202,igaratense,CELSO FORTES PALAU,292.953,9483,30.14,99.1,0.711,23.44,42457,38532,18916.28,
Iguape,3520301,iguapense,WILSON ALMEIDA LIMA,1978.795,30721,14.58,99.5,0.726,31.95,104794,89270,20333.94,
Ilhabela,3520400,ilhabelense,MARCIO BATISTA TENÓRIO,346.389,34333,81.13,98.3,0.756,8.91,635442,417018,91873.77,
Ilha Comprida,3520426,ilha compridense,GERALDINO BARBOSA DE OLIVEIRA JÚNIOR,196.567,10965,47.01,98.2,0.725,14.81,93861,93030,52999.97,
Ilha Solteira,3520442,ilhense,EDSON GOMES,652.641,26582,38.42,99.3,0.812,13.94,129476,111432,21499.82,
Indaiatuba,3520509,indaiatubano,NILSON ALCIDES GASPAR,311.545,246908,646.11,98.2,0.788,8.97,1136121,959512,49861.28,
Indiana,3520608,indianense,CELEIDE APARECIDA FLORIANO,129.367,4892,38.11,98,0.761,28.99,16702,15679,12159.98,
Indiaporã,3520707,indiaporãense,ELAINE ALVARES SILVEIRA ROCHA,279.606,3908,13.96,98.5,0.751,22.73,21292,18982,18324.50,
Inúbia Paulista,3520806,inubense,JOAO SOARES DOS SANTOS,87.119,3963,41.53,98.3,0.759,0,16474,14359,31752.98,
Ipaussu,3520905,ipauçuense,SERGIO GALVANIN GUIDIO FILHO,209.554,14869,65.17,97.9,0.727,5.59,47999,42595,25058.43,
Iperó,3521002,iperoense,VANDERLEI POLIZELI,170.289,36280,166.20,98.9,0.719,8.36,91127,82686,13953.02,
Ipeúna,3521101,ipeunense,JOSE ANTONIO DE CAMPOS,190.010,7401,31.66,98.8,0.753,17.54,30813,26384,93626.98,
Ipiguá,3521150,ipiguaense,EMILIO PAZIANOTO,136.028,5306,32.89,98.5,0.730,20,22997,18142,16786.90,
Iporanga,3521200,iporanguense,VALMIR DA SILVA,1152.059,4238,3.73,97.3,0.703,13.7,22215,19385,10155.91,
Ipuã,3521309,ipuãnense,JOSE FRANCISCO SOUZA AVILA,466.461,16209,30.37,98,0.749,11.3,59873,54485,22446.38,
Iracemápolis,3521408,iracemapolense,FABIO FRANCISCO ZUZA,115.118,23846,173.99,95.7,0.776,10.68,78957,76108,50771.27,
Irapuã,3521507,irapuense,HAROLDO JOSE PEREIRA CIOCCA,257.612,7937,28.21,97.9,0.713,-,23318,20795,18630.64,
Irapuru,3521606,irapuruense,SILVIO USHIJIMA,214.461,8261,36.24,95.1,0.712,16.13,20511,18151,10225.93,
Itaberá,3521705,itaberaense,ALEX ROGERIO CAMARGO DE LACERDA,1100.248,17635,16.08,97.9,0.693,12.05,58975,52125,32218.56,
Itaí,3521804,itaiense,THIAGO DOS SANTOS MICHELIN,1092.884,26861,22.17,97.9,0.713,9.04,99937,76142,29331.50,
Itajobi,3521903,itajobiense,LAIRTO LUIZ PIOVESANA FILHO,502.066,15226,28.99,94.9,0.730,13.51,77702,63682,36847.73,
Itaju,3522000,itajuense,JOSE LUIS FURCIN,230.355,3782,14.12,98.7,0.705,31.25,18533,15730,25664.53,
Itanhaém,3522109,itanhaense,MARCO AURELIO GOMES DOS SANTOS,601.711,100496,144.69,97.5,0.745,13.95,399005,378386,16454.23,
Itaóca,3522158,itaoquense,FREDERICO DIAS BATISTA,183.015,3326,17.64,98.8,0.680,46.51,17318,16179,10752.82,
Itapecerica da Serra,3522208,itapecericano,JORGE JOSÉ DA COSTA,150.742,173672,1011.57,96.8,0.742,12.71,427265,366305,22786.72,
Itapetininga,3522307,itapetingano,SIMONE APARECIDA CURRALADAS DOS SANTOS,1789.350,162231,80.65,96.4,0.763,5.61,448514,426755,29339.86,
Itapeva,3522406,itapevense,LUIZ ANTONIO HUSSNE CAVANI,1826.258,93892,48.05,98.4,0.732,15.02,324342,263973,25871.65,
Itapevi,3522505,itapeviense,IGOR SOARES EBERT,82.658,234352,2428.88,96.5,0.735,9.72,716999,533971,53634.91,
Itapira,3522604,itapirense,JOSE NATALINO PAGANINI,518.416,74299,132.21,98,0.762,3.68,266467,250340,46737.42,
Itapirapuã Paulista,3522653,itapirapuã paulistense,JOAO BATISTA DE ALMEIDA CESAR,406.478,4213,9.55,99,0.661,-,20170,15842,8082.46,
Itápolis,3522703,itapolitano,EDMIR ANTONIO GONÇALVES,996.747,42903,40.18,98.4,0.744,14.43,120555,108053,27691.66,
Itaporanga,3522802,itaporanguense,VILSON APARECIDO RODRIGUES,507.997,15125,28.66,97.9,0.719,5.18,32659,34983,18522.50,
Itapuí,3522901,itapuiense,ANTONIO ALVARO DE SOUZA,140.023,13833,86.46,96.5,0.725,-,49511,40320,45293.19,
Itapura,3523008,itapurense,FABIO DOURADO,301.653,4860,14.46,98,0.720,16.13,28078,22979,20925.19,
Itaquaquecetuba,3523107,itaquaquecetubano,MAMORU NAKASHIMA,82.622,366519,3895.24,96.4,0.714,13.46,628168,573773,18240.37,
Itararé,3523206,itarareense,HELITON SCHEIDT DO VALLE,1003.860,50360,47.76,98,0.703,16.98,113322,100270,18374.14,
Itariri,3523305,itaririense,DINAMERICO GONÇALVES PERONI,273.667,17271,56.53,96.4,0.677,20.13,39545,34886,13696.27,
Itatiba,3523404,itatibense,DOUGLAS AUGUSTO PINHEIRO DE OLIVEIRA,322.276,119090,314.90,97.8,0.778,10.25,373052,368196,44580.54,
Itatinga,3523503,itatinguense,PAULO MARCOS BORGES DOS SANTOS,979.817,20467,18.42,98,0.706,8.2,69738,60680,13308.85,
Itirapina,3523602,itirapinense,JOSE MARIA CANDIDO,564.603,17922,27.49,97.8,0.724,5.62,69875,63370,23278.90,
Itirapuã,3523701,itirapuãnense,RUI GONÇALVES,161.118,6453,36.71,99.1,0.707,14.49,20046,17689,12244.56,
Itobi,3523800,itobiano,ANTONIO ELIAS FILHO,138.986,7830,54.20,98.6,0.717,11.36,18361,16580,16244.19,
Itu,3523909,ituano,GUILHERME DOS REIS GAZZOLA,640.719,172268,241.01,94.3,0.773,11.71,629552,530164,45313.77,
Itupeva,3524006,itupevense,MARCO ANTONIO MARCHI,200.816,59649,223.38,97.4,0.762,19.21,256242,225372,84277.15,
Ituverava,3524105,ituveravense,ADRIANA QUIREZA JACOB LIMA MACHADO,704.659,41598,54.87,97.9,0.765,4.46,150383,136067,30266.17,
Jaborandi,3524204,jaborandiense,MARCOS ANTONIO DANIEL,273.438,6911,24.11,98.3,0.711,20.41,29164,25816,20466.28,
Jaboticabal,3524303,jaboticabalense,JOSÉ CARLOS HORI,706.602,76864,101.42,97.9,0.778,9.35,291166,269874,35019.92,
Jacareí,3524402,jacareiense,IZAIAS JOSÉ DE SANTANA,464.272,231863,454.94,98.3,0.777,9.73,915154,795619,43735.14,
Jaci,3524501,jaciense,RAFAEL TRÍDICO,145.133,6934,38.87,97.7,0.723,-,28178,23168,58703.27,
Jacupiranga,3524600,jacupiranguense,DEBORA CRISTINA VOLPINI,704.189,17842,24.44,97.4,0.717,11.72,49043,42477,24919.81,
Jaguariúna,3524709,jaguariunense,MÁRCIO GUSTAVO BERNARDES REIS,141.391,56221,313.37,98,0.784,11.7,380624,302431,158703.96,
Jales,3524808,jalesense,FLAVIO PRANDI FRANCO,368.574,49011,127.57,98.9,0.776,11.19,185955,135607,26810.58,
Jambeiro,3524907,jambeirense,CARLOS ALBERTO DE SOUZA,184.413,6485,29.01,97.7,0.756,14.29,31790,27671,44348.46,
Jandira,3525003,jandirense,PAULO FERNANDO BARUFI DA SILVA,17.449,123481,6207.76,96.9,0.760,9.75,52875,235986,28454.96,
Jardinópolis,3525102,jardinopolense,JOÃO CIRO MARCONI,501.870,43774,74.99,97.1,0.735,14.34,129584,120448,23899.44,
Jarinu,3525201,jarinuense,ELIANE LORENCINI CAMARGO,207.549,29456,114.85,98.2,0.733,21.41,111673,107960,70617.60,
Jaú,3525300,jauense,RAFAEL LUNARDELLI AGOSTINI,687.103,148581,191.09,97.8,0.778,12.15,384451,361305,29873.78,
Jeriquara,3525409,jeriquarense,EDER LUIZ CARVALHO GONÇALVES,141.971,3168,22.26,98,0.703,32.26,17854,15767,30240.12,
Joanópolis,3525508,joanopolitano,MAURO APARECIDO GARCIA BANHOS,374.291,13098,31.44,95.8,0.699,7.63,39222,35825,15749.40,
João Ramalho,3525607,ramalhense,WAGNER MATHIAS,415.452,4495,9.99,99.4,0.741,17.86,25663,19048,35767.38,
José Bonifácio,3525706,bonifacense,CELSO OLIMAR CALGARO,860.200,36655,38.10,99,0.777,4.62,103319,85049,34431.94,
Júlio Mesquita,3525805,júlio-mesquitense,JOSE CARLOS MIRA,128.183,4752,34.55,97.7,0.716,15.15,18018,16294,10823.59,
Jumirim,3525854,jumirense,DARCI SCHIAVI,56.685,3315,49.36,99.2,0.741,30.3,19564,15939,22526.58,
Jundiaí,3525904,jundiaiense,LUIZ FERNANDO ARANTES MACHADO,431.207,414810,858.42,98.2,0.822,12.21,2111467,1856200,98049.82,
Junqueirópolis,3526001,junqueiropolense,HELIO APARECIDO MENDES FURINI,582.565,20524,32.12,96.8,0.745,8.06,67489,60105,47068.18,
Juquiá,3526100,juquiaense,RENATO DE LIMA SOARES,812.799,18908,23.68,97.7,0.700,-,51990,43324,17953.89,
Juquitiba,3526209,juquitibense,AYRES SCORSATTO,522.169,31235,55.03,98.5,0.709,22.22,79487,73190,14348.63,
Lagoinha,3526308,lagoinhense,CLAUDIO HENRIQUE DA SILVA,255.472,4903,18.95,99,0.693,40,18655,15385,11629.45,
Laranjal Paulista,3526407,laranjalense,ALCIDES DE MOURA CAMPOS JUNIOR,384.274,28240,65.75,98.1,0.729,12.53,87440,80132,31815.57,
Lavínia,3526506,lavinense,CLOVIS IZIDIO DE ALMEIDA,537.675,11667,16.33,98.6,0.721,22.73,40124,31921,13460.71,
Lavrinhas,3526605,lavrinhense,SERGIO RUGGERI DE MELO,167.067,7207,39.45,98.5,0.729,30.61,23389,21426,14740.71,
Leme,3526704,lemense,WAGNER RICARDO ANTUNES FILHO,402.871,102412,227.75,97.7,0.744,11.53,321604,282627,29326.69,
Lençóis Paulista,3526803,lençoiense,ANDERSON PRADO DE LIMA,809.541,67859,75.88,99,0.764,7.35,277427,209269,36824.98,
Limeira,3526902,limeirense,MÁRIO CELSO BOTION,580.711,303682,475.32,97.7,0.775,11.65,1030816,900521,37057.35,
Lindóia,3527009,lindoiano,LUIZ CARLOS SCARPIONI ZAMBOLIM,48.756,7864,137.67,97.4,0.742,12.99,32920,30621,19990.11,
Lins,3527108,linense,EDGAR DE SOUZA,570.058,77510,124.98,98.4,0.786,7.31,204527,182874,55070.04,
Lorena,3527207,lorenense,FABIO MARCONDES,414.160,88276,199.29,97.2,0.766,11.62,203443,187991,26852.97,
Lourdes,3527256,lourdense,GISELE TONCHIS,113.940,2278,18.71,98.4,0.742,0,14174,12044,16755.30,
Louveira,3527306,louveirense,NICOLAU FINAMORE JUNIOR,55.133,47748,673.37,97.3,0.777,16.24,474676,383525,250827.01,
Lucélia,3527405,luceliense,CARLOS ANANIAS CAMPOS DE SOUZA JUNIOR,314.810,21604,63.17,99.4,0.752,14.35,54483,44594,18542.56,
Lucianópolis,3527504,lucianopolense,HUMBERTO ZANINOTO MALDONADO,189.536,2385,11.85,99.1,0.733,0,16107,12906,22460.63,
Luís Antônio,3527603,luís-antoniense,GABRIEL CARVALHAES ROSATTI,598.257,14592,18.85,99.4,0.731,-,72401,60721,74444.27,
Luiziânia,3527702,luiziano,RICARDO MATHIAS BERTAGLIA,166.576,5723,30.20,92.8,0.702,11.63,17629,15680,12438.45,
Lupércio,3527801,lupercense,ANEZIO KEMP,155.171,4571,28.18,94.5,0.724,45.45,17166,16094,11416.47,
Lutécia,3527900,luteciano,EDUARDO GIROTTO,475.226,2663,5.71,93.7,0.720,23.26,17604,14802,32273.06,
Macatuba,3528007,macatubense,MARCOS DONIZETI OLIVATTO,224.514,17111,72.19,99.3,0.770,9.17,74107,62455,36621.93,
Macaubal,3528106,macaubalense,JOAO FLORENTINO NETO,248.087,8093,30.88,97.9,0.743,-,24363,21438,17767.27,
Macedônia,3528205,macedoniense,LUCILENE CABREIRA GARCIA MARSOLA,327.567,3704,11.18,99.3,0.740,45.45,21298,18452,19178.36,
Magda,3528304,magdense,VIVIANE APARECIDA CASELLI VITAL,312.282,3136,10.27,96.5,0.753,-,23504,20816,21246.60,
Mairinque,3528403,mairinquense,RUBENS MERGUIZO FILHO,210.149,46852,205.53,96.9,0.743,7.12,151740,154357,38941.79,
Mairiporã,3528502,mairiporense,ANTONIO SHIGUEYUKI AIACYDA,320.697,98374,252.44,98.1,0.788,17.14,256282,217091,17441.73,
Manduri,3528601,mandurinense,PAULO ROBERTO MARTINS,229.046,9780,39.26,98.9,0.739,-,27218,24110,18494.25,
Marabá Paulista,3528700,marabaense,MIGUEL DUARTE COSTA,919.519,5757,5.24,99,0.677,28.57,21513.32058,18853.70276,26501.10,
Maracaí,3528809,maracaiense,EDUARDO CORREA SOTANA,533.498,13967,24.97,98.3,0.771,-,48884,43049,36926.11,
Marapoama,3528858,marapoamense,MARCIO PERPETUO AUGUSTO,111.267,2996,23.66,99.4,0.752,66.67,19200,15475,146456.19,
Mariápolis,3528908,mariapolense,VALDIR DANTAS DE FIGUEIREDO,186.544,4077,21.07,97.5,0.718,43.48,15325,13398,13780.63,
Marília,3529005,mariliense,DANIEL ALONSO,1170.515,237130,185.21,97.8,0.798,13.74,841368,783340,31473.42,
Marinópolis,3529104,marinopolense,JOAQUIM VIEIRA PERES,77.827,2117,27.15,97.6,0.731,41.67,15171,11992,14394.98,
Martinópolis,3529203,martinopolense,CRISTIANO MACEDO ENGEL,1253.564,26289,19.33,98.1,0.721,9.87,76837,69770,21600.06,
Matão,3529302,matonense,JOSÉ EDINARDO ESQUETINI,524.899,82702,146.30,97.7,0.773,13.37,237770,222800,45441.41,
Mauá,3529401,mauaense,ATILA CESAR MONTEIRO JACOMUSSI,61.909,468148,6741.41,97.4,0.766,12.37,980419,911005,30509.00,
Mendonça,3529500,mendoncino,ANTONINO CAETANO DE SOUZA,195.151,5413,23.79,98.1,0.744,0,28462,26559,41393.06,
Meridiano,3529609,meridianense,ORIVALDO RIZZATO,228.199,3848,16.82,98.5,0.731,-,25374,21836,184602.58,
Mesópolis,3529658,mesopolense,LEANDRO APARECIDO POLARINI,148.636,1910,12.67,100,0.724,-,17662,14849,26088.05,
Miguelópolis,3529708,miguelopense,NAIM MIGUEL NETO,820.804,22093,24.88,98.6,0.741,10.87,86650,75582,49278.71,
Mineiros do Tietê,3529807,mineirense,JOSÉ CARLOS VENDRAMINI,213.242,12849,56.45,98.3,0.730,6.76,33022,30578,12835.54,
Miracatu,3529906,miracatuense,EZIGOMAR PESSOA JUNIOR,1001.484,19919,20.56,97.1,0.697,9.55,68105,63915,20369.11,
Mira Estrela,3530003,mira-estrelense,MARCIO HAMILTON CASTREQUINI BORGES,216.825,3066,13.01,97.2,0.743,-,23361,18488,18344.76,
Mirandópolis,3530102,mirandopolense,REGINA CELIA MUSTAFA ARAUJO,917.694,29418,29.91,97.9,0.751,6.39,87711,71721,20960.79,
Mirante do Paranapanema,3530201,mirantense,ATILA RAMIRO MENEZES DOURADO,1238.931,18178,13.77,98.8,0.724,18.78,66544,53839,48027.27,
Mirassol,3530300,mirassolense,ANDRE RICARDO VIEIRA,243.228,59333,221.10,93.5,0.762,3.94,163459,150439,30038.14,
Mirassolândia,3530409,mirassolandense,JOÃO CARLOS FERNANDES,166.125,4822,25.85,96.9,0.738,-,16915,15061,18210.89,
Mococa,3530508,mocoquense,WANDERLEY FERNANDES MARTINS JÚNIOR,855.156,68788,77.55,98.9,0.762,10,183202,178335,28127.42,
Mogi das Cruzes,3530607,mogiano,MARCUS VINICIUS DE ALMEIDA E MELO,712.541,440769,544.12,97.7,0.783,14.18,1496004,1450291,33602.58,
Mogi Guaçu,3530706,guaçuano,WALTER CAVEANHA,812.753,150713,168.99,97.9,0.774,11.37,508193,455038,33665.99,
Mogi Mirim,3530805,mogi-miriano,CARLOS NELSON BUENO,497.708,92715,173.77,97.4,0.784,8.57,362655,333425,46512.31,
Mombuca,3530904,mombucano,MARIA RUTH BELLANGA DE OLIVEIRA,133.698,3478,24.43,97.8,0.719,21.74,19184,15458,19354.60,
Monções,3531001,monçolense,DOUGLAS ANTONIO HONORATO,104.352,2252,20.45,100,0.772,-,23140,17875,31663.66,
Mongaguá,3531100,mongaguano,ARTUR PARADA PROCIDA,143.205,55731,326.00,98.3,0.754,8.89,211557,186526,17115.56,
Monte Alegre do Sul,3531209,monte-alegrense,EDSON RODRIGO DE OLIVEIRA CUNHA,110.306,7964,64.84,98.3,0.759,-,27451,24882,24612.81,
Monte Alto,3531308,monte-altense,JOAO PAULO DE CAMARGO VICTORIO,346.950,50216,134.61,98.6,0.768,8.76,136385,122761,35154.66,
Monte Aprazível,3531407,monte-aprazivelense,NELSON LUIZ ARANJUES MONTORO,495.559,24794,43.76,98.8,0.785,3.92,66524,59848,25992.18,
Monte Azul Paulista,3531506,monte-azulense,PAULO SERGIO DAVID,263.462,19050,71.86,98.6,0.753,8.62,70926,66870,25470.81,
Monte Castelo,3531605,monte-castelense,JOSÉ NILTON DA SILVA,233.547,4166,17.47,98.2,0.741,16.95,22572,18068,21414.11,
Monteiro Lobato,3531704,lobatense,DANIELA DE CÁSSIA SANTOS BRITO,332.742,4608,12.38,96.5,0.710,54.55,18487,15227,12828.99,
Monte Mor,3531803,monte-morense,THIAGO GIATTI ASSIS,240.566,58765,203.61,97.2,0.733,6.5,208286,188798,40134.15,
Morro Agudo,3531902,morro-agudense,GILBERTO CESAR BARBETI,1388.127,32641,20.97,95.9,0.712,7.52,131626,118383,38855.69,
Morungaba,3532009,morungabense,MARCO ANTONIO DE OLIVEIRA,146.752,13458,80.20,97.4,0.715,5.46,42617,36025,30316.36,
Motuca,3532058,motuquense,JOÃO RICARDO FASCINELI,228.700,4720,18.76,95.4,0.741,19.61,20087,16601,17702.09,
Murutinga do Sul,3532108,murutinguense,GILSON PIMENTEL,250.873,4466,16.69,96.4,0.726,61.22,19191,17259,13224.34,
Nantes,3532157,nantense,CELSO DE SOUZA,286.647,3103,9.46,98.7,0.714,-,18811,17736,31673.75,
Narandiba,3532207,narandibense,ITAMAR DOS SANTOS SILVA,357.326,4809,11.98,98.9,0.718,-,29968,25844,48835.62,
Natividade da Serra,3532306,nativense,MARIA DE LOURDES DE OLIVEIRA CARVALHO,833.372,6681,8.01,98.8,0.655,44.78,27185,23809,9808.62,
Nazaré Paulista,3532405,nazareano,CANDIDO MURILO PINHEIRO RAMOS,326.254,18346,50.31,96.9,0.678,7.78,57141,52965,17291.09,
Neves Paulista,3532504,nevense,NILTON CESAR STUQUI,219.050,8936,40.18,99.7,0.754,-,30049,25782,20913.11,
Nhandeara,3532603,nhandearense,JOSE ADALTO BORINI,436.159,11427,24.61,97.7,0.751,-,35957,31429,25062.32,
Nipoã,3532702,nipoense,JOSE LOURENCO ALVES,137.609,5126,31.01,99.2,0.713,14.49,18105,15647,17638.77,
Nova Aliança,3532801,nova-aliancense,AUGUSTO DONIZETTI FAJAN,217.515,6875,27.11,99.2,0.738,-,26103,22270,17755.46,
Nova Campina,3532827,nova campinense,JUCEMARA FORTES DO NASCIMENTO,385.375,9647,22.10,99.7,0.651,7.14,29548,24233,30175.15,
Nova Canaã Paulista,3532843,novacanaense,JOSE MARCOS ALVES,124.473,1911,16.99,98.8,0.715,0,15723,12571,17285.14,
Nova Castilho,3532868,castilhense,JOÃO TAMBORLIN NETO,183.396,1255,6.14,100,0.756,0,15879,13113,33468.35,
Nova Europa,3532900,nova-europense,LUIZ CARLOS DOS SANTOS,160.250,11013,58.00,100,0.765,7.58,37237,31643,29598.27,
Nova Granada,3533007,granadense,TÂNIA LIANA TOLEDO YUGAR,531.796,21307,36.06,98.6,0.739,3.53,51162,46104,20033.57,
Nova Guataporanga,3533106,guataporanguense,VAGNER ALVES DE LIMA,34.158,2308,63.81,99.3,0.726,-,17113,12599,12788.73,
Nova Independência,3533205,independentino,THAUANA DA SILVA PEREIRA DUARTE,265.029,3883,11.54,98,0.735,19.23,27217,22616,33785.37,
Novais,3533254,novaense,FABIO DONIZETE DA SILVA,117.772,5712,38.99,100,0.719,16.67,18419,16453,8940.83,
Nova Luzitânia,3533304,luzitaniense,LAERTE APARECIDO ROCHA,73.816,4041,46.46,98.6,0.743,23.26,18537,14767,11081.96,
Nova Odessa,3533403,novaodessense,BENJAMIM BILL VIEIRA DE SOUZA,73.788,59371,689.48,98.4,0.791,13.66,183778,159548,48867.19,
Novo Horizonte,3533502,novo-horizontino,TOSHIO TOYOTA,931.743,40680,39.28,97.7,0.753,12.61,120994,108581,31255.30,
Nuporanga,3533601,nuporanguense,ARISTIDES SILVA GOES,348.265,7386,19.57,97.8,0.746,11.76,38883,34005,64231.96,
Ocauçu,3533700,ocauçuense,ALESANDRA COLOMBO MARANA,301.036,4287,13.86,97.7,0.717,20.83,19503,15190,22459.31,
Óleo,3533809,oleense,RUBENS ESTEVES ROQUE,198.938,2522,13.49,98.9,0.730,-,15329,12536,34129.59,
Olímpia,3533908,olimpiense,FERNANDO AUGUSTO CUNHA,802.555,54406,62.32,97.4,0.773,14.66,236517,192877,35365.77,
Onda Verde,3534005,onda-verdense,FABRICIO PIRES DE CARVALHO,242.946,4339,16.03,98.7,0.738,53.57,24070,21217,47749.58,
Oriente,3534104,orientense,CARLOS EDUARDO BOLDORINI MORIS,218.668,6487,27.89,97.2,0.770,-,19242,16917,15119.42,
Orindiúva,3534203,orindiuvense,MAURICIO BRONCA,247.378,6935,22.87,99.3,0.767,35.71,40164,33719,67015.87,
Orlândia,3534302,orlandino,OSWALDO RIBEIRO JUNQUEIRA NETO,291.765,43687,136.34,98.3,0.780,20.2,173942,137411,37186.74,
Osasco,3534401,osasquense,ROGERIO LINS WANDERLEY,64.954,696850,10264.80,96,0.776,12.67,2216192,2035375,106841.78,
Oscar Bressane,3534500,bressanense,LUIZ ANTONIO ROMANO,222.130,2602,11.46,96.7,0.749,-,16278,14130,32076.14,
Osvaldo Cruz,3534609,osvaldo-cruzense,EDMAR CARLOS MAZUCATO,248.038,32754,124.47,97.6,0.762,11.83,82433,70501,29901.68,
Ourinhos,3534708,ourinhense,LUCAS POCAY ALVES DA SILVA,295.818,112711,347.78,98.2,0.778,10.56,296893,255485,24968.65,
Ouroeste,3534757,ouroestense,LIVIA LUANA COSTA OLIVEIRA,288.648,10177,29.10,99.7,0.770,7.58,78184,60534,43578.73,
Ouro Verde,3534807,ouro-verdense,JOSÉ VALENTIM FERRARI,266.778,8503,29.15,97.3,0.692,17.7,25262,22785,11853.79,
Pacaembu,3534906,pacaembuense,MACIEL DO CARMO COLPAS,339.375,14130,39.07,98.9,0.725,-,41863,37822,14216.64,
Palestina,3535002,palestinense,FERNANDO LUIZ SEMEDO,697.701,12786,15.89,96.6,0.732,7.52,41826,35922,45615.66,
Palmares Paulista,3535101,palmarense,LUPERCIO ANTONIO BUGANÇA JUNIOR,82.125,13058,133.14,98.2,0.722,13.79,28222,24821,8744.25,
Palmeira d'Oeste,3535200,palmeirense,JOSE CESAR MONTANARI,318.740,9340,30.02,98.5,0.753,11.9,27828,23935,19622.88,
Palmital,3535309,palmitalense,JOSE ROBERTO RONQUI,548.407,22168,38.67,97.2,0.746,7.69,82330,70595,27670.81,
Panorama,3535408,panoramense,GIULIO CESAR LIMA PIRES,356.050,15690,40.93,95.8,0.722,12.1,44391,42265,16381.45,
Paraguaçu Paulista,3535507,paraguaçuense,ALMIRA RIBAS GARMS,1001.492,45455,42.22,99.4,0.762,5.1,154327,139277,26291.19,
Paraibuna,3535606,paraibunense,VICTOR DE CASSIO MIRANDA,809.576,18180,21.48,97.2,0.719,4.78,66686,56151,14042.30,
Paraíso,3535705,paraisense,WILSON FARID CASSEB,155.186,6411,37.85,99.1,0.749,-,31974,25235,36932.83,
Paranapanema,3535804,paranapanemense,ANTONIO HIROMITI NAKAGAWA,1018.724,19993,17.48,98.1,0.717,21.66,92270,82761,32957.63,
Paranapuã,3535903,paranapuense,SERGIO ANTONIO POLARINI,140.354,4061,27.16,98.4,0.732,-,19551,15071,20391.86,
Parapuã,3536000,parapuense,GILMAR MARTIN MARTINS,366.663,10980,29.65,98.9,0.737,-,33595,30046,26859.95,
Pardinho,3536109,pardinhense,BENEDITO DA ROCHA CAMARGO JUNIOR,209.894,6360,26.59,98.3,0.727,30.61,33642,28803,44771.78,
Pariquera-Açu,3536208,pariquerense,JOSE CARLOS SILVA PINTO,359.414,19570,51.34,97.1,0.736,34.38,47577,42794,25956.61,
Parisi,3536257,parasiano,ROSINEI APARECIDA SILVESTRINI DOS SANTOS,84.737,2153,24.04,99.6,0.721,-,17671,14662,17352.37,
Patrocínio Paulista,3536307,patrocinense,JOSÉ MAURO BARCELLOS,602.848,14529,21.56,97.8,0.730,13.39,60479,46915,62536.82,
Paulicéia,3536406,pauliceiense,ERMES DA SILVA,374.091,7274,16.97,94,0.711,8.55,32388,29944,81400.91,
Paulínia,3536505,paulinense,DIXON RONAN CARVALHO,138.777,106776,592.17,97.9,0.795,7.2,1489239,1184810,314637.69,
Paulistânia,3536570,paulistaniense,PAULO AUGUSTO GRANCHI,256.178,1832,6.93,97.5,0.718,-,16318,14226,16802.89,
Paulo de Faria,3536604,paulo-fariense,MARLON JOSE BERNARDES PEREIRA,737.986,8930,11.63,98.5,0.725,-,40555,33911,25430.72,
Pederneiras,3536703,pederneirense,VICENTE JULIANO MINGUILI CANELADA,728.735,46251,56.92,98.3,0.739,8.98,131255,117798,36941.61,
Pedra Bela,3536802,pedra-belense,ALVARO JESIEL DE LIMA,158.587,6075,36.45,95.8,0.677,31.75,19836,18808,12135.78,
Pedranópolis,3536901,pedranopolense,MARCOS ADRIANO DA SILVA,260.101,2508,9.83,100,0.742,-,21166,15806,21793.53,
Pedregulho,3537008,pedregulhense,DIRCEU POLO FILHO,712.604,16676,22.03,98.4,0.715,18.1,52049,44310,50159.26,
Pedreira,3537107,pedreirense,HAMILTON BERNARDES JUNIOR,108.817,47361,382.70,98.1,0.769,1.97,137403,124707,24386.64,
Pedrinhas Paulista,3537156,pedrinhense,SERGIO FORNASIER,152.309,3085,19.28,97.3,0.774,-,19657,16964,33024.83,
Pedro de Toledo,3537206,toledense,ELEAZAR MUNIZ JUNIOR,670.440,11240,15.22,99.3,0.696,25,34704,31021,12339.71,
Penápolis,3537305,penapolitano,CELIO JOSE DE OLIVEIRA,711.315,63047,82.31,98.7,0.759,14.34,176620,162096,27010.39,
Pereira Barreto,3537404,pereira-barretense,JOAO DE ALTAYR DOMINGUES,974.247,25660,25.50,98.1,0.766,12.42,95814,82713,31802.91,
Pereiras,3537503,pereirense,MIGUEL TOMAZELA,223.136,8560,33.38,96.8,0.736,10.42,27054,23476,18088.66,
Peruíbe,3537602,peruibense,LUIZ MAURÍCIO PASSOS DE CARVALHO PEREIRA,326.216,67548,184.40,98.6,0.749,22.2,247307,224949,18066.20,
Piacatu,3537701,piacatuense,EUCLASIO GARRUTTI,232.488,5922,22.75,97.5,0.732,32.79,21984,19237,17357.20,
Piedade,3537800,piedadense,JOSÉ TADEU DE RESENDE,746.868,55149,69.82,95.6,0.716,13.91,122533,110298,21416.61,
Pilar do Sul,3537909,pilarense,ANTONIO JOSE PEREIRA,681.248,28963,38.77,93.8,0.690,20.22,73534,65267,20842.71,
Pindamonhangaba,3538006,pindamonhangabense,ISAEL DOMINGUES,729.998,166475,201.39,98.2,0.773,9.1,437266,398565,41328.58,
Pindorama,3538105,pindoramense,MARIA INÊS BERTINO MIYADA,184.825,16877,81.37,97.5,0.737,20.83,46751,41310,18525.51,
Pinhalzinho,3538204,pinhalzinhense,BENEDITO LAURO DE LIMA,154.530,15021,84.81,97.8,0.725,6.41,37961,33755,16151.30,
Piquerobi,3538303,piquerobiense,VALDIR APARECIDO LOPES,482.769,3685,7.33,99.4,0.711,-,19037,15693,15107.21,
Piquete,3538501,piquetense,ANA MARIA DE GOUVÊA,175.996,13742,80.16,98.8,0.757,17.75,29722,25438,10564.93,
Piracaia,3538600,piracaiense,JOSE SILVINO CINTRA,385.568,27140,65.15,98,0.739,6.67,81670,70593,16537.87,
Piracicaba,3538709,piracicabano,BARJAS NEGRI,1378.069,400949,264.47,97.5,0.785,11.09,1618677,1529178,54656.57,
Piraju,3538808,pirajuense,JOSE MARIA COSTA,504.591,29741,56.44,98.3,0.758,12.66,88015,80339,20256.69,
Pirajuí,3538907,pirajuiense,CESAR HENRIQUE DA CUNHA FIALA,823.758,25259,27.55,97.3,0.749,4.18,64792,55509,15954.78,
Pirangi,3539004,piranginense,LUIZ CARLOS DE MORAES,215.809,11362,49.30,97.8,0.756,16.26,35355,29584,22339.34,
Pirapora do Bom Jesus,3539103,piraporense,GREGÓRIO RODRIGUES PONTES MAGLIO,108.489,18604,144.98,97.5,0.727,7.87,58018,53876,14980.96,
Pirapozinho,3539202,pirapozense,ORLANDO PADOVAN,477.675,27295,51.66,98.8,0.776,9.9,73783,66258,26952.95,
Pirassununga,3539301,pirassununguense,ADEMIR ALVES LINDO,727.118,75930,96.38,98.2,0.801,13.87,222457,213997,32978.62,
Piratininga,3539400,piratiningano,CARLOS ALESSANDRO FRANCO BORRO DE MATOS,402.409,13503,30.00,98.4,0.779,17.86,41678.98661,35218.07388,14610.61,
Pitangueiras,3539509,pitangueirense,MARCOS AURÉLIO SORIANO,430.638,39349,81.99,99,0.723,6.04,118855,103478,26673.78,
Planalto,3539608,planaltense,ADEMAR ADRIANO DE OLIVEIRA,289.825,5167,15.38,99.2,0.719,12.66,26938,22545,54427.24,
Platina,3539707,platinense,WAGNER ROBERTO DE LIMA,327.480,3521,9.77,98.5,0.719,19.61,18778,16152,22182.07,
Poá,3539806,poaense,GIANCARLO LOPES DA SILVA,17.264,116530,6141.05,97.6,0.771,13.17,446333,394506,37885.61,
Poloni,3539905,poloniense,ANTONIO JOSE PASSOS,135.120,6004,40.40,99.5,0.766,14.49,2551,1941,20742.68,
Pompéia,3540002,pompeiano,ISABEL CRISTINA ESCORCE JANUÁRIO,784.674,21851,25.46,98.6,0.786,15.69,87732,73945,49748.23,
Pongaí,3540101,pongaiense,ADILSON BRUMATI,183.399,3432,18.99,97.4,0.755,28.57,17232,15468,21493.65,
Pontal,3540200,pontalense,ANDRE LUIS CARNEIRO,356.371,49047,112.94,94.5,0.725,16.89,91780,91505,22094.38,
Pontalinda,3540259,pantalindense,ELVIS CARLOS DE SOUSA,209.525,4580,19.38,98.3,0.702,-,20420,18653,16578.68,
Pontes Gestal,3540309,pontes-gestalense,NATANAEL BORGES DOS SANTOS,217.505,2577,11.58,97.8,0.732,-,25833,22418,58265.54,
Populina,3540408,populinense,ADAUTO PINTO,315.938,4186,13.37,99.6,0.714,-,23914,21750,21651.45,
Porangaba,3540507,porangabense,LUIZ CARLOS VIEIRA SOBRINHO,265.689,9779,31.34,94.7,0.703,25,26940,24039,18076.57,
Porto Feliz,3540606,porto-felicense,ANTONIO CASSIO HABICE PRADO,556.706,52785,87.83,98.2,0.758,12.59,237880,207344,31387.01,
Porto Ferreira,3540705,ferreirense,RÔMULO LUÍS DE LIMA RIPA,244.906,55787,209.88,98.1,0.751,14.42,184541,158623,31674.93,
Potim,3540754,potinense,ERICA SOLER SANTOS DE OLIVEIRA,44.468,24143,436.20,99.3,0.697,14.98,44646,40500,8200.44,
Potirendaba,3540804,potirendabano,FLAVIO DANIEL ALVES,342.492,17201,45.12,98,0.747,4.55,62697,56524,30081.16,
Pracinha,3540853,pracinhense,MAURILEI APARECIDO DIAS DA SILVA,63.054,3971,45.48,100,0.696,0,12402,10839,7309.60,
Pradópolis,3540903,pradopolense,SILVIO MARTINS,167.378,21110,103.82,96.3,0.733,8.85,70106,57915,36517.85,
Praia Grande,3541000,praia-grandense,ALBERTO PEREIRA MOURÃO,149.253,319146,1781.87,96.9,0.754,12.3,1416821,1282663,20285.44,
Pratânia,3541059,pratino,DAVI PIRES BATISTA,175.100,5204,26.26,97.7,0.701,-,20637,18426,19929.08,
Presidente Alves,3541109,alvense,VALDEIR DOS REIS,286.642,4108,14.36,98.9,0.735,-,16404,13998,18302.47,
Presidente Bernardes,3541208,bernardense,LUCCAS INAGUE RODRIGUES,749.233,13190,18.12,98.5,0.757,14.6,44622,39355,18773.35,
Presidente Epitácio,3541307,epitaciano,CASSIA REGINA ZAFFANI FURLAN,1260.281,44006,32.79,98.8,0.750,14.93,100763,87480,23820.74,
Presidente Prudente,3541406,prudentino,NELSON ROBERTO BUGALHO,560.637,227072,368.89,97.8,0.806,12.15,683206,646552,33101.42,
Presidente Venceslau,3541505,venceslauense,JORGE DURAN GONÇALEZ,755.203,39448,50.10,98.6,0.763,9.03,126627,117612,17767.62,
Promissão,3541604,promissense,ARTUR MANOEL NOGUEIRA FRANCO,779.200,40027,45.78,96.7,0.743,8.18,115006,96702,71619.02,
Quadra,3541653,quadrense,LUIZ CARLOS PEREIRA,205.672,3753,15.73,98.3,0.678,-,20917,18426,24957.37,
Quatá,3541703,quataense,MARCELO DE SOUZA PECCHIO,651.341,14006,19.68,98.7,0.738,10.53,49975,44182,32791.62,
Queiroz,3541802,queirozense,ANA VIRTUDES MIRON SOLER,234.914,3351,12.01,98.1,0.715,-,22186,19083,133036.07,
Queluz,3541901,queluzense,LAURINDO JOAQUIM DA SILVA GARCEZ,249.399,13228,45.27,98,0.722,18.35,38623,33674,18624.79,
Quintana,3542008,quintanense,JOSÉ NILTON DOS SANTOS,318.937,6587,18.79,98.1,0.732,34.48,25965,22321,23500.04,
Rafard,3542107,rafardense,ILSON DONIZETE MAIA,121.645,9050,70.80,98.3,0.745,17.24,40615,34700,33913.11,
Rancharia,3542206,ranchariense,ALBERTO CESAR CENTEIO DE ARAUJO,1587.498,29688,18.14,97.5,0.751,10.23,97944,85198,38668.19,
Redenção da Serra,3542305,rendencense,RICARDO EVANGELISTA LOBATO,309.441,3863,12.52,95.2,0.657,-,17916,15780,13717.38,
Regente Feijó,3542404,regentense,MARCO ANTONIO PEREIRA DA ROCHA,263.280,20124,69.77,98.8,0.768,3.86,62778,57647,30809.19,
Reginópolis,3542503,reginopolitano,CAROLINA ARAÚJO DE SOUSA VERÍSSIMO,410.406,9399,17.83,98.8,0.728,15.38,26825,21589,14651.05,
Registro,3542602,registrense,GILSON WAGNER FANTIN,722.201,56249,75.11,97.3,0.754,16.9,183949,163562,32358.84,
Restinga,3542701,restinguense,AMARILDO TOMAS DO NASCIMENTO,245.746,7504,26.80,98.6,0.705,-,27765,24473,24005.35,
Ribeira,3542800,ribeirense,JONAS DIAS BATISTA,335.748,3351,10.00,97,0.698,63.83,17956,15014,14880.43,
Ribeirão Bonito,3542909,ribeirão-bonitense,FRANCISCO JOSE CAMPANER,471.553,13137,25.73,98.7,0.712,18.18,37513,33541,17422.70,
Ribeirão Branco,3543006,ribeirão-branquense,MAURO JOSÉ TEIXEIRA,697.500,16684,26.19,97.5,0.639,9.93,46318,38964,23377.90,
Ribeirão Corrente,3543105,ribeirão-correntense,ANTONIO MIGUEL SERAFIM,148.332,4682,28.81,100,0.711,13.51,21819,19578,24406.16,
Ribeirão do Sul,3543204,ribeirão-sulense,ELIANA MARIA RORATO MANSO,203.208,4542,21.83,99,0.747,-,21555,18930,28597.68,
Ribeirão dos Índios,3543238,ribeirindio,JOSÉ AMAURI LENZONI,196.446,2227,11.14,98.6,0.721,0,16031,12544,17800.82,
Ribeirão Grande,3543253,ribeirão grandense,ELIANA DOS SANTOS SILVA,333.363,7666,22.26,96.8,0.705,-,30160,24671,21635.97,
Ribeirão Pires,3543303,ribeirão-pirense,ADLER ALFREDO JARDIM TEIXEIRA,99.075,122607,1140.73,97.4,0.784,11.4,295223,273711,24947.07,
Ribeirão Preto,3543402,ribeirão-pretano,ANTONIO DUARTE NOGUEIRA JUNIOR,650.916,694534,928.92,96.9,0.800,11.36,2888565,2497643,44463.80,
Riversul,3543501,riversulense,JOSÉ GUILHERME GOMES,385.878,5607,15.96,95.9,0.664,-,18672,18033,10120.74,
Rifaina,3543600,rifainense,HUGO CESAR LOURENÇO,162.508,3618,21.14,99.2,0.740,23.26,33617,27803,23947.27,
Rincão,3543709,rinconense,THEREZINHA IGNEZ SERVIDONI,316.639,10786,32.96,98.2,0.734,15.27,31873,29171,16111.67,
Rinópolis,3543808,rinopolense,JOSE FERREIRA DE OLIVEIRA NETO,358.481,10003,27.73,98.6,0.723,18.02,29173,25769,21669.79,
Rio Claro,3543907,rio-clarense,JOAO TEIXEIRA JUNIOR,498.422,204797,373.69,98.2,0.803,10.23,803525,732412,43966.89,
Rio das Pedras,3544004,rio-pedrense,ANTONIO CARLOS DEFAVARI,226.657,34704,130.16,98.4,0.759,4.47,102407,94627,33306.82,
Rio Grande da Serra,3544103,rio-grandense-da-serra,LUIS GABRIEL FERNANDES DA SILVEIRA,36.341,50241,1210.04,98.2,0.749,18.1,88976,72897,11831.25,
Riolândia,3544202,riolandense,FABIANA BARCELOS FERREIRA,631.897,12342,16.70,96.7,0.703,22.22,38926,34886,17148.57,
Rosana,3544251,rosanense,SILVIO GABRIEL,744.011,17015,26.51,98.1,0.764,-,93681,80956,123171.63,
Roseira,3544301,roseirense,JONAS POLYDORO,130.654,10621,73.47,98.7,0.737,-,33895,30020,25823.08,
Rubiácea,3544400,rubiacense,LENIRA MARIA SILVA DE NOVAIS,236.484,3093,11.52,99.5,0.721,0,16706,13229,18854.87,
Rubinéia,3544509,rubineiense,APARECIDO GOULART,242.877,3125,11.78,100,0.759,29.41,25539,20094,22035.61,
Sabino,3544608,sabinense,EDER RUIZ MAGALHAES DE ANDRADE,305.285,5564,16.78,97.2,0.728,-,24382,21003,21452.92,
Sagres,3544707,sagrense,RICARDO RIVED GARCIA,147.935,2435,16.20,99.2,0.730,-,14009,11508,16684.57,
Sales,3544806,salense,GENIVALDO DE BRITO CHAVES,308.555,6253,17.67,100,0.751,-,32638,27150,21449.82,
Sales Oliveira,3544905,salense,EDMAR DUARTE GOMIERO,305.776,11779,34.58,98.8,0.772,8.33,44247,36538,27770.45,
Salesópolis,3545001,salesopolense,VANDERLON OLIVEIRA GOMES,424.997,17022,36.79,98.4,0.732,31.75,42345,38245,11669.96,
Salmourão,3545100,salmourense,AILSON JOSE DE ALMEIDA,172.934,5262,27.96,98.3,0.719,-,16371,14503,13440.12,
Saltinho,3545159,saltinhense,CARLOS ALBERTO LISI,99.738,8176,70.78,96.8,0.791,34.88,28672,24643,24936.83,
Salto,3545209,saltense,JOSE GERALDO GARCIA,133.057,117561,792.13,98.4,0.780,12.16,354245,322256,53864.05,
Salto de Pirapora,3545308,saltense,JOEL DAVID HADDAD,280.509,44972,143.02,98.6,0.729,21.38,131729,119093,28731.77,
Salto Grande,3545407,salto-grandense,JOÃO CARLOS RIBEIRO,188.441,9297,46.64,96.5,0.704,8.55,29971,26333,23400.79,
Sandovalina,3545506,sandovalino ou sandovalinense,AMANDA LIMA DE OLIVEIRA,455.856,4248,8.13,98.2,0.709,-,32308,25946,143674.04,
Santa Adélia,3545605,santa-adeliense,GUILHERME COLOMBO DA SILVA,330.269,15397,43.32,100,0.760,5.88,45505,41282,19626.61,
Santa Albertina,3545704,santa-albertinense,VANDERCI NOVELLI,272.692,5993,20.98,98.8,0.728,-,28805,25667,31782.25,
Santa Bárbara d'Oeste,3545803,barbarense,DENIS EDUARDO ANDIA,271.030,192536,664.49,98.4,0.781,10.3,525487,508263,26590.27,
Santa Branca,3546009,santa-branquense,CELSO SIMÃO LEITE,272.238,14717,50.56,98.8,0.735,14.39,46517,43004,17224.14,
Santa Clara d'Oeste,3546108,santa-clarense,WAIR JACINTO ZAPELÃO,183.458,2118,11.36,98.5,0.733,48.78,17757,15313,24072.47,
Santa Cruz da Conceição,3546207,santa-cruzense,PATRICIA CAPODIFOGLIO LANDGRAF,150.130,4461,26.66,99.6,0.790,27.03,23274,21753,30071.50,
Santa Cruz da Esperança,3546256,santacruzense,DIMAR DE BRITO,148.062,2124,13.19,86.2,0.743,-,15779,14680,24046.86,
Santa Cruz das Palmeiras,3546306,palmeirense,THIAGO DE OLIVEIRA,295.337,33975,101.35,97.3,0.728,15.58,79314,75086,13688.36,
Santa Cruz do Rio Pardo,3546405,santa-cruzense,OTACILIO PARRAS ASSIS,1114.747,47395,39.44,96.3,0.762,6.62,141989,140035,42021.86,
Santa Ernestina,3546504,santa-ernestinense,MARCELO APARECIDO VERONEZI,134.421,5611,41.42,99.2,0.738,-,20030,17142,15710.17,
Santa Fé do Sul,3546603,santa-fé-sulense,ADEMIR MASCHIO,206.537,32076,141.81,97.9,0.784,7.83,156348,143271,30257.70,
Santa Gertrudes,3546702,santa-gertrudense,ROGERIO PASCON,98.291,26403,220.10,98.3,0.737,11.73,105948,95702,51604.64,
Santa Isabel,3546801,isabelense,FÁBIA DA SILVA PORTO ROSSETTI,363.332,56792,138.87,97.8,0.738,14.03,151363,139021,22328.98,
Santa Lúcia,3546900,santa-luciense,LUIZ ANTONIO NOLI,154.033,8779,53.55,98.6,0.737,19.42,21826,17968,11491.33,
Santa Maria da Serra,3547007,serrense,NARCISO BENEDITO BISTAFA,252.621,6107,21.43,97.5,0.686,-,22805,18589,19060.12,
Santa Mercedes,3547106,mercedense,MANOEL DONIZETE DE OLIVEIRA,166.753,2935,16.96,98.8,0.739,-,15162,13559,20832.47,
Santana da Ponte Pensa,3547205,santanense-da-ponte-pensa,JOSÉ APARECIDO DE MELO,129.888,1507,12.60,100,0.773,-,13968,11138,21581.49,
Santana de Parnaíba,3547304,parnaibano,ELVIS LEONARDO CEZAR,179.949,136517,604.74,97.3,0.814,8.72,923581,694323,65644.99,
Santa Rita d'Oeste,3547403,santa-ritense,ALAOR PASIAN,209.800,2510,12.10,100,0.761,43.48,19386,15557,21852.83,
Santa Rita do Passa Quatro,3547502,santa-ritense,LEANDRO LUCIANO DOS SANTOS,754.141,27514,35.11,97.8,0.775,7.22,80902,79464,22579.86,
Santa Rosa de Viterbo,3547601,santa-rosense,LUIS FERNANDO GASPERINI,288.576,26322,82.69,97.9,0.770,3.13,68602,61036,28196.33,
Santa Salete,3547650,saletense,JEDER FABIANO SANTIAGO SOUZA,79.192,1539,18.23,100,0.772,0,14765,12881,20871.31,
Santo Anastácio,3547700,anastaciano,ROBERTO VOLPE,552.876,20889,37.06,98.5,0.753,-,78600,44064,18873.78,
Santo André,3547809,andreense,PAULO HENRIQUE PINTO SERRA,175.782,716109,3848.01,97.4,0.815,10.27,2493589,2301852,36249.85,
Santo Antônio da Alegria,3547908,alegriense,JOÃO BAPTISTA MATEUS DE LIMA,310.338,6880,20.32,97.5,0.702,36.36,25078,22014,22094.30,
Santo Antônio de Posse,3548005,possense,NORBERTO DE OLIVERIO JUNIOR,154.133,23085,134.09,97.3,0.702,6.99,99441,76995,39295.21,
Santo Antônio do Aracanguá,3548054,aracanguaense,RODRIGO APARECIDO SANTANA RODRIGUES,1308.432,8356,5.83,98.9,0.757,-,46586,41168,38820.77,
Santo Antônio do Jardim,3548104,jardinense,GILMAR DE OLIVEIRA PEZOTTI,109.956,5968,54.05,97,0.714,0,20805,16226,25020.88,
Santo Antônio do Pinhal,3548203,pinhalense,CLODOMIRO CORREIA DE TOLEDO JUNIOR,133.008,6794,48.76,98.3,0.706,13.16,26087,24844,14222.23,
Santo Expedito,3548302,expeditense,IVANDECI JOSÉ CABRAL,94.465,3086,29.68,99.1,0.732,-,13759,11678,10971.88,
Santópolis do Aguapeí,3548401,santopolitano,HAROLDO ALVES PIO,128.026,4736,33.44,98.6,0.740,18.18,17610,14499,13067.33,
Santos,3548500,santista,PAULO ALEXANDRE PEREIRA BARBOSA,281.033,432957,1494.26,98.2,0.840,13.7,2639959,2489780,50544.73,
São Bento do Sapucaí,3548609,são-bentista,RONALDO RIVELINO VENÂNCIO,252.579,10862,41.37,98.5,0.720,-,33857,29643,16414.83,
São Bernardo do Campo,3548708,são-bernardense,ORLANDO MORANDO JUNIOR,409.532,833240,1869.36,97.6,0.805,9.86,3962694,3574829,51239.64,
São Caetano do Sul,3548807,sul-caetanense,JOSE AURICCHIO JUNIOR,15.331,160275,9736.03,97.4,0.862,6.56,1332808,1158171,83656.30,
São Carlos,3548906,são-carlense,AIRTON GARCIA FERREIRA,1136.907,249415,195.15,97.9,0.805,12.57,788156,719036,41281.81,
São Francisco,3549003,são-francisquense,MAURICIO HONORIO DE CARVALHO,75.579,2826,36.94,100,0.723,-,16084,14377,16403.07,
São João da Boa Vista,3549102,são-joanense,VANDERLEI BORGES DE CARVALHO,516.399,90637,161.96,97.2,0.797,11.88,343289,313947,30716.49,
São João das Duas Pontes,3549201,são-joanense,JOSÉ CARLOS BARUCI,129.462,2574,19.84,99.4,0.720,33.33,16497,13688,13641.75,
São João de Iracema,3549250,iracemense,LUCIANA DIAS RODRIGUES,178.396,1912,9.97,98.1,0.748,-,17549,14819,16045.26,
São João do Pau d'Alho,3549300,são-joanense,FERNANDO BARBERINO,117.665,2111,17.86,99.2,0.750,38.46,14785,12265,22693.37,
São Joaquim da Barra,3549409,joaquinense,MARCELO DE PAULA MIAN,410.863,51447,113.28,96.7,0.762,6.62,127851,117251,28983.75,
São José da Bela Vista,3549508,bela-vistense,CÉLIA MARIA FERRACIOLI DOS SANTOS,276.952,8895,30.35,97.9,0.693,19.05,29300.64157,26923.64328,17042.14,
São José do Barreiro,3549607,barreirense,ALEXANDRE DE SIQUEIRA BRAGA,570.685,4151,7.14,95.5,0.684,25,20799,17636,11594.27,
São José do Rio Pardo,3549706,rio-pardense,ERNANI CHRISTOVAM VASCONCELLOS,419.684,54763,123.81,97.6,0.774,20.29,179276,162632,30971.46,
São José do Rio Preto,3549805,rio-pretense,EDSON EDINHO COELHO ARAÚJO,431.944,456245,945.12,98,0.797,9.53,1635000,1485089,35230.47,
São José dos Campos,3549904,joseense,FELÍCIO RAMUTH,1099.409,713943,572.96,97.4,0.807,12.28,2855787,2439457,53615.25,
São Lourenço da Serra,3549953,são-lourensano,ARY ANTONIO DESPEZZIO CINTRA,186.456,15667,74.99,97.2,0.728,13.95,40827,37170,12812.82,
São Luiz do Paraitinga,3550001,luizense,ANA LUCIA BILARD SICHERLE,617.315,10684,16.84,100,0.697,17.24,35567,32330,13396.68,
São Manuel,3550100,são-manuelense,RICARDO SALARO NETO,650.734,40781,58.92,97.3,0.744,11.7,130715,114241,27514.47,
São Miguel Arcanjo,3550209,são-miguelense,PAULO RICARDO DA SILVA,930.339,32859,33.80,95.9,0.710,14.22,80297,73106,19753.60,
São Paulo,3550308,paulistano,BRUNO COVAS LOPES,1521.110,12176866,7398.26,96,0.805,11.12,54010997,51414029,57071.43,
São Pedro,3550407,são-pedrense,HELIO DONIZETE ZANATTA,611.278,35318,51.98,94.8,0.755,15.27,137417,108858,19600.54,
São Pedro do Turvo,3550506,são-pedrense,MARCO AURELIO OLIVEIRA PINHEIRO,731.221,7636,9.84,97.4,0.703,11.63,29832,25894,25581.29,
São Roque,3550605,são-roquense,CLAUDIO JOSÉ DE GÓES,306.908,89943,256.82,97.6,0.768,13.27,269799,238472,28920.64,
São Sebastião,3550704,sebastianense,FELIPE AUGUSTO,402.395,87596,185.00,98.2,0.772,9.07,683724,641593,41724.54,
São Sebastião da Grama,3550803,gramense,RICARDO RIBEIRO FLORIDO,252.410,12205,47.94,98.3,0.701,7.94,33598,30368,25448.60,
São Simão,3550902,simonense,MARCOS DANIEL BONAGAMBA,617.252,15257,23.24,99.8,0.766,-,54307,48866,29386.95,
São Vicente,3551009,vicentino,PEDRO LUIS DE FREITAS GOUVÊA JÚNIOR,148.100,363173,2247.88,96.7,0.768,13.48,957785,895721,14096.68,
Sarapuí,3551108,sarapuiano,WELLIGTON MACHADO DE MORAES,352.592,10177,25.60,99,0.707,9.17,28420,26393,13396.77,
Sarutaiá,3551207,sarutaiano,ISNAR FRESCHI SOARES,141.608,3646,25.58,98.7,0.688,20,15520,13116,17169.58,
Sebastianópolis do Sul,3551306,sebastianopolense,OTAMIR AMÉRICO MARQUES,167.848,3470,18.03,99,0.773,-,24046,18813,253147.24,
Serra Azul,3551405,serra-azulense,AUGUSTO FRASSETTO NETO,283.144,14334,39.75,96.9,0.686,6.8,30237,26324,10651.27,
Serrana,3551504,serranense,VALERIO ANTONIO GALANTE,126.046,44555,308.44,97.5,0.729,10.64,124394,124131,20392.27,
Serra Negra,3551603,serrano,SIDNEY ANTONIO FERRARESSO,203.736,29001,129.52,97.8,0.767,3.33,102224,93092,23411.10,
Sertãozinho,3551702,sertanezino,JOSÉ ALBERTO GIMENEZ,403.089,124453,273.22,98.5,0.761,14.48,519899,436472,42168.34,
Sete Barras,3551801,barrense,DEAN ALVES MARTINS,1062.699,12884,12.24,96.1,0.673,5.21,40085,36698,28053.09,
Severínia,3551900,severinense,CELSO DA SILVA,140.460,17328,110.38,96,0.715,14.35,56762,53373,36072.58,
Silveiras,3552007,silveirense,GUILHERME CARVALHO DA SILVA,414.782,6264,13.96,98.2,0.678,44.12,24259,21421,10192.00,
Socorro,3552106,socorrense,ANDRÉ EDUARDO BOZOLA DE SOUZA PINTO,449.029,40648,81.70,97.7,0.729,19.66,103734,94754,18734.78,
Sorocaba,3552205,sorocabano,JOSÉ CRESPO,450.382,671186,1304.18,98.1,0.798,12.43,2904618,2411151,46888.51,
Sud Mennucci,3552304,sud-mennucciano,JULIO CESAR GOMES,594.744,7708,12.57,98.3,0.747,-,36969,34834,37772.91,
Sumaré,3552403,sumareense,LUIZ ALFREDO CASTRO RUZZA DALBEN,153.465,278571,1572.04,97.7,0.762,7.7,697378,594155,44750.01,
Suzano,3552502,suzanense,RODRIGO KENJI DE SOUZA ASHIUCHI,206.236,294638,1272.93,96.7,0.765,12.3,754545,600569,32871.69,
Suzanápolis,3552551,suzanapolense,ANTONIO ALCINO VIDOTTI,330.587,3911,10.24,99.8,0.699,27.03,27633,23025,81964.79,
Tabapuã,3552601,tabapuãnense,MARIA FELICIDADE PERES CAMPOS ARROYO,345.792,12328,32.88,98.4,0.735,6.71,38949,34205,21014.42,
Tabatinga,3552700,tabatinguense,EDUARDO PONQUIO MARTINEZ,368.604,16345,39.74,96.5,0.704,5.41,42725,36007,14725.46,
Taboão da Serra,3552809,taboense,FERNANDO FERNANDES FILHO,20.388,285570,11994.31,96.9,0.769,11.15,799203,687609,30259.41,
Taciba,3552908,tacibense,ALAIR ANTONIO BATISTA,607.266,6240,9.41,99.3,0.723,-,40442,34172,21170.25,
Taguaí,3553005,taguaíno,JAIR CARIOVALDO CARNIATO,145.332,13569,74.51,97.3,0.709,-,34775,31444,14667.40,
Taiaçu,3553104,taiaçuense,SUELI APARECIDA MENDES BIANCARDI,107.059,6268,55.27,97.8,0.710,-,23202,18521,12836.38,
Taiúva,3553203,taiuvense,FRANCISCO SERGIO CLAPIS,132.459,5568,41.12,97.8,0.760,16.95,20842,19114,17950.69,
Tambaú,3553302,tambauense,RONI DONIZETI ASTORFO,561.788,23182,39.88,97.7,0.731,6.62,84783,70034,21057.44,
Tanabi,3553401,tanabiense,NORAIR CASSIANO DA SILVEIRA,747.218,25830,32.25,99,0.748,6.64,77938,64888,46937.07,
Tapiraí,3553500,tapiraiense,ALVINO GUILHERME MARZEUSKI,755.100,7850,10.61,98.3,0.681,-,29032,22549,18043.86,
Tapiratiba,3553609,tapiratibense,LUIZ ANTONIO PERES,221.891,12970,57.23,98.2,0.751,7.25,46244,36383,22252.66,
Taquaral,3553658,taquaralense,LAÉRCIO VICENTE SCARAMAL,53.892,2810,50.58,98.2,0.759,-,15230,13325,14072.90,
Taquaritinga,3553708,taquaritinguense,VANDERLEI JOSÉ MARSICO,594.335,56984,90.95,98.2,0.748,20.53,195730,172500,24057.32,
Taquarituba,3553807,taquaritubense,JOSE CLOVIS DE ALMEIDA,448.515,23180,49.71,97.8,0.701,7.09,79379,67145,26924.91,
Taquarivaí,3553856,taquarivaiense,MARIA SEBASTIANA CECÉ CARDOSO PRIOSTI,231.792,5792,22.22,99.4,0.679,39.47,24023,21774,35787.04,
Tarabai,3553906,tarabaíno,JOSE ROQUE DA SILVA LIRA,201.385,7395,32.78,99.2,0.726,21.98,22140,21005,13465.76,
Tarumã,3553955,tarumaense,OSCAR GOZZI,302.913,14812,42.50,99,0.753,9.39,68265,52735,78512.45,
Tatuí,3554003,tatuiano,MARIA JOSE PINTO VIEIRA DE CAMARGO,523.749,120533,205.03,97.6,0.752,9.48,335220,294014,31158.75,
Taubaté,3554102,taubateano,JOSE BERNARDO ORTIZ MONTEIRO JUNIOR,625.003,311854,445.98,98.1,0.800,11.93,1150010,1088507,46320.15,
Tejupá,3554201,tejupaense,PEDRO BERGAMO NETO,296.189,4574,16.23,98.4,0.668,15.87,20385,17025,18124.58,
Teodoro Sampaio,3554300,teodorense,AILTON CESAR HERLING,1555.803,23019,13.74,97.1,0.741,19.66,73861,65841,47215.08,
Terra Roxa,3554409,terra-roxense,MARCELINO ABBES FILHO,221.541,9302,38.39,98.9,0.749,29.41,28598,23726,14063.82,
Tietê,3554508,tieteense,VLAMIR DE JESUS SANDEI,404.396,41622,91.09,97.1,0.778,17.39,146954,133824,42709.38,
Timburi,3554607,timburiense,PAULO CESAR MINOZZI,196.790,2663,13.45,99.7,0.710,33.33,17816,15640,18125.32,
Torre de Pedra,3554656,torrepedrense,EMERSON JOSE DA MOTA,71.348,2401,31.59,98.4,0.714,-,13408,11847,9561.64,
Torrinha,3554706,torrinhense,RONALDO GASPARELO,315.266,9963,29.59,96.4,0.744,20.62,27051,22024,20207.05,
Trabiju,3554755,trabijuense,MAURILIO TAVONI JUNIOR,63.421,1709,24.35,98.4,0.722,0,13199,10945,25831.15,
Tremembé,3554805,tremembeense,MARCELO VAQUELI,191.094,46642,214.17,97.8,0.785,3.45,115439,113715,14456.43,
Três Fronteiras,3554904,trifonteirano,RUBENS JOSE BELAO,151.594,5781,35.90,98.8,0.753,12.66,20281,17200,16299.91,
Tuiuti,3554953,tuiutiense,JAIR FERNANDES GONÇALVES,126.731,6808,46.80,97.3,0.728,26.67,21050,18149,16636.12,
Tupã,3555000,tupãense,JOSE RICARDO RAYMUNDO,627.986,65477,100.99,97.3,0.771,8.94,158108,145307,25424.12,
Tupi Paulista,3555109,tupinense-paulista,ALEXANDRE TASSONI ANTONIO,244.770,15404,58.16,99.4,0.769,-,45867,38951,17118.53,
Turiúba,3555208,turiubano,RUBENS FERNANDO DE SOUZA,153.235,2012,12.60,100,0.751,0,17138,15593,19411.11,
Turmalina,3555307,turmalinense,FERNANDA DE MENEZES ANDRÉA,147.797,1759,13.37,97.1,0.736,-,16655,14568,29157.67,
Ubarana,3555356,ubaranense,JOAO COSTA MENDONCA,209.861,6216,25.23,99.7,0.700,-,27007,24171,73629.22,
Ubatuba,3555406,ubatubano,DELCIO JOSÉ SATO,708.105,89747,108.87,97.7,0.751,11.97,315083,298157,20447.30,
Ubirajara,3555505,ubirajarense,JOSE ALTAIR GONCALVES,282.179,4754,15.68,98.9,0.727,28.99,20438,16563,19503.65,
Uchoa,3555604,uchoense,VALDEMIR ANTONIO PINHEIRO DE CARVALHO,252.434,10068,37.51,98.2,0.721,-,41443,36901,31118.59,
União Paulista,3555703,união-paulistense,CLEUSA GUI MARTINS,79.056,1823,20.21,96.8,0.749,0,14795,12195,25374.17,
Urânia,3555802,uraniense,MARCIO ARJOL DOMINGUES,209.262,9108,42.29,100,0.746,-,25938,22282,19907.64,
Uru,3555901,uruense,BENEDITO JOSÉ RIBEIRO,146.901,1177,8.51,95.1,0.712,-,15081,12809,39012.15,
Urupês,3556008,urupeense,ALCEMIR CÁSSIO GRÉGGIO,323.916,13727,39.27,99.1,0.745,14.81,42322,38027,24917.40,
Valentim Gentil,3556107,valentim-gentilense,ADILSON JESUS PEREZ SEGURA,149.741,13115,73.72,98.8,0.735,5.95,41491,33598,26902.92,
Valinhos,3556206,valinhense,ORESTES PREVITALE JUNIOR,148.538,127123,718.70,97.2,0.819,7.77,551223,465007,41711.77,
Valparaíso,3556305,valparaisense,LUCIO SANTO DE LIMA,857.661,26130,26.33,98,0.725,8.4,81981,76314,45386.68,
Vargem,3556354,vargense,SILAS MARQUES DA ROSA,142.597,10378,61.71,98.1,0.699,28.04,23552,21271,10310.74,
Vargem Grande do Sul,3556404,vargem-grandense,AMARILDO DUZI MORAES,267.178,42573,146.94,98.8,0.737,8.65,106004,99272,21192.61,
Vargem Grande Paulista,3556453,vargem-grandense,JOSUÉ SILVEIRA RAMOS,42.489,51702,1012.10,97.2,0.770,14.91,161894,140518,35231.35,
Várzea Paulista,3556503,varzino,JUVENAL ROSSI,35.120,120572,3049.14,96.9,0.759,14.26,278886,235746,20044.50,
Vera Cruz,3556602,vera-cruzense,RENATA ZOMPERO DIAS DEVITO,247.716,10864,43.41,99,0.754,-,29103,25986,11228.93,
Vinhedo,3556701,vinhedense,JAIME CESAR DA CRUZ,81.604,77308,779.51,97.5,0.817,10.49,468512,418356,106027.00,
Viradouro,3556800,viradourense,ANTONIO CARLOS RIBEIRO DE SOUZA,217.726,18775,79.44,98.4,0.739,15.56,59294,51606,15769.82,
Vista Alegre do Alto,3556909,vista-alegrense,LUÍS ANTÔNIO FIORANI,95.429,8626,72.50,100,0.744,12.5,37513,31375,42563.46,
Vitória Brasil,3556958,vitoriabrasiliense,ANA LUCIA OLHIER MODULO,49.832,1834,34.95,98.5,0.725,-,13498,11198,17512.27,
Votorantim,3557006,votorantinense,FERNANDO DE OLIVEIRA SOUZA,183.517,121331,591.04,97.8,0.767,14.22,366925,345415,36917.03,
Votuporanga,3557105,votuporanguense,JOÃO EDUARDO DADO LEITE DE CARVALHO,420.703,93736,201.15,98.8,0.790,9.22,303454,272054,29120.96,
Zacarias,3557154,zacariense,LUCINÉIA ZACARIAS,319.056,2684,7.32,98.6,0.729,-,24745,18714,29149.67,
Chavantes,3557204,chavantense,MARCIO DE JESUS DO REGO,188.732,12418,64.40,98.6,0.729,16.67,38538,34343,16066.88,
Estiva Gerbi,3557303,estivense,CLAUDIA BOTELHO DE OLIVEIRA DIEGUES,74.144,11198,135.35,98.6,0.740,8.06,40728,35423,21331.37,


Notas:
Escolarização 
: [população residente no município de 6 a 14 anos de idade matriculada no ensino regular/total de população residente no município de 6 a 14 anos de idade] x 100
Fontes:
Área territorial: Área territorial brasileira. Rio de Janeiro: IBGE, 2018
População estimada: IBGE, Diretoria de Pesquisas, Coordenação de População e Indicadores Sociais, Estimativas da população residente com data de referência 1o de julho de 2017
Densidade demográfica: IBGE, Censo Demográfico 2010, Área territorial brasileira. Rio de Janeiro: IBGE, 2011
Escolarização 
: IBGE, Censo Demográfico 2010
Índice de desenvolvimento humano municipal
: Programa das Nações Unidas para o Desenvolvimento - PNUD
Mortalidade infantil: Ministério da Saúde, Departamento de Informática do Sistema Único de Saúde - DATASUS 2014
Receitas realizadas: Contas anuais. Receitas orçamentárias realizadas (Anexo I-C) 2017 e Despesas orçamentárias empenhadas (Anexo I-D) 2017. In: Brasil. Secretaria do Tesouro Nacional, Siconfi: Sistema de Informações Contábeis e Fiscais do Setor Público Brasileiro. Brasília, DF, [2018]. Disponível em: https://siconfi.tesouro.gov.br/siconfi/pages/public/consulta_finbra/finbra_list.jsf. Acesso em: set. 2018
Despesas empenhadas: Contas anuais. Receitas orçamentárias realizadas (Anexo I-C) 2017 e Despesas orçamentárias empenhadas (Anexo I-D) 2017. In: Brasil. Secretaria do Tesouro Nacional, Siconfi: Sistema de Informações Contábeis e Fiscais do Setor Público Brasileiro. Brasília, DF, [2018]. Disponível em: https://siconfi.tesouro.gov.br/siconfi/pages/public/consulta_finbra/finbra_list.jsf. Acesso em: set. 2018
PIB per capita: IBGE, em parceria com os Órgãos Estaduais de Estatística, Secretarias Estaduais de Governo e Superintendência da Zona Franca de Manaus - SUFRAMA
